checkout_id,member_id,book_id,checkout_date,return_date,first_name,last_name,grade,neighborhood,membership_status,join_date,title,author,genre,pages,publication_year,publisher,Member ID,Book ID,Checkout Date
9263.0,1047.0,517.0,2024-10-21 00:00:00,2024-11-07 00:00:00,Sara,Rashad,Unknown,Heliopolis,Inactive,2024-06-25,Shadows on the Corniche,Hani Nagati,Mystery,338.0,2015.0,Delta House,unknown,unknown,unknown
9340.0,1072.0,513.0,2025-08-24 00:00:00,2025-09-01 00:00:00,Seif,Zaki,9.0,Zamalek,Active,2025-10-21,Circuits for Beginners,Galal Mounir,Science,294.0,2021.0,Oasis Books,unknown,unknown,unknown
9231.0,1053.0,523.0,2024-02-04 00:00:00,2024-02-16 00:00:00,Adam,Shafik,9.0,Heliopolis,Active,2024-01-03,Footsteps in the Dust,Laila Shokry,Historical,276.0,2018.0,Oasis Books,unknown,unknown,unknown
9129.0,1032.0,513.0,2025-06-21 00:00:00,2025-06-29 00:00:00,Nada,Zaki,7.0,Nasr City,Active,2025-10-19,Circuits for Beginners,Galal Mounir,Science,294.0,2021.0,Oasis Books,unknown,unknown,unknown
9370.0,1079.0,511.0,2025-11-11 00:00:00,2025-12-03 00:00:00,Rana,Osman,8.0,Shubra,Active,2024-10-27,Winter in Alexandria,Farida Anwar,Historical,117.0,2016.0,Nile Press,unknown,unknown,unknown
9082.0,1010.0,528.0,2025-11-11 00:00:00,2025-11-18 00:00:00,Nour,Nabil,6.0,Maadi,Active,2024-05-15,The Glass Beehive,Mona Kholoussy,Nature,114.0,2010.0,Delta House,unknown,unknown,unknown
9238.0,1057.0,513.0,2024-03-28 00:00:00,2024-04-08 00:00:00,Ahmed,Fahmy,8.0,Heliopolis,Active,2024-01-12,Circuits for Beginners,Galal Mounir,Science,294.0,2021.0,Oasis Books,unknown,unknown,unknown
9012.0,1010.0,501.0,2025-02-17 00:00:00,not returned,Nour,Nabil,6.0,Maadi,Active,2024-05-15,The Silver Kite,Amina Darwish,Adventure,128.0,2017.0,Nile Press,unknown,unknown,unknown
9127.0,1024.0,506.0,2025-06-13 00:00:00,not returned,Youssef,Hegazy,8.0,Nasr City,Inactive,2024-01-04,The Paper Boat Club,Aya Hafez,Friendship,183.0,0.0,Nile Press,unknown,unknown,unknown
9020.0,1016.0,506.0,2024-04-15 00:00:00,2024-05-04 00:00:00,Dina,Rashad,8.0,Maadi,Active,2023-04-24,The Paper Boat Club,Aya Hafez,Friendship,183.0,0.0,Nile Press,unknown,unknown,unknown
9208.0,1044.0,525.0,2024-07-10 00:00:00,2024-08-01 00:00:00,Sherif,Saleh,7.0,Heliopolis,Active,2024-02-19,Storms and Sailboats,Mahmoud Rafei,Adventure,297.0,2015.0,Oasis Books,unknown,unknown,unknown
9319.0,1065.0,515.0,2025-02-10 00:00:00,2025-02-21 00:00:00,Adam,Fahmy,6.0,Zamalek,Active,2025-07-12,Songs of the Oasis,Hoda Bakry,Poetry,316.0,2022.0,Cairo Young Readers,unknown,unknown,unknown
9097.0,1018.0,501.0,2025-10-05 00:00:00,2025-10-14 00:00:00,Ahmed,Shafik,9.0,Maadi,Active,2023-01-28,The Silver Kite,Amina Darwish,Adventure,128.0,2017.0,Nile Press,unknown,unknown,unknown
9137.0,1041.0,519.0,2025-07-27 00:00:00,2025-08-05 00:00:00,Nada,Rashad,7.0,Nasr City,Active,2024-04-02,Kites Over Cairo,Jasmine Wahdan,Friendship,157.0,2014.0,Nile Press,unknown,unknown,unknown
9157.0,1032.0,525.0,2024-03-04 00:00:00,2024-04-03 00:00:00,Nada,Zaki,7.0,Nasr City,Active,2025-10-19,Storms and Sailboats,Mahmoud Rafei,Adventure,297.0,2015.0,Oasis Books,unknown,unknown,unknown
9383.0,1070.0,501.0,2024-07-11 00:00:00,2024-07-31 00:00:00,Ahmed,Zaki,9.0,Zamalek,Active,2025-07-22,The Silver Kite,Amina Darwish,Adventure,128.0,2017.0,Nile Press,unknown,unknown,unknown
9131.0,1034.0,505.0,2025-12-16 00:00:00,2025-12-25 00:00:00,Aya,Wahba,9.0,Nasr City,Active,2025-01-22,Letters to the Nile,Aya Hafez,Historical,216.0,2024.0,Oasis Books,unknown,unknown,unknown
9113.0,1027.0,507.0,2024-06-26 00:00:00,2024-07-08 00:00:00,Mostafa,Fouad,9.0,Nasr City,Active,2023-09-25,Fossils and Fireflies,Dalia Serry,Science,160.0,2024.0,Nile Press,unknown,unknown,unknown
9144.0,1024.0,501.0,2025-11-07 00:00:00,2025-11-25 00:00:00,Youssef,Hegazy,8.0,Nasr City,Inactive,2024-01-04,The Silver Kite,Amina Darwish,Adventure,128.0,2017.0,Nile Press,unknown,unknown,unknown
9005.0,1008.0,513.0,2025-04-20 00:00:00,2025-04-29 00:00:00,Ziad,Saleh,8.0,Maadi,Active,2025-10-28,Circuits for Beginners,Galal Mounir,Science,294.0,2021.0,Oasis Books,unknown,unknown,unknown
9272.0,1044.0,518.0,2025-01-24 00:00:00,2025-02-04 00:00:00,Sherif,Saleh,7.0,Heliopolis,Active,2024-02-19,The Ninth Lighthouse,Hani Nagati,Adventure,163.0,2011.0,Delta House,unknown,unknown,unknown
9283.0,1072.0,513.0,2025-09-17 00:00:00,2025-09-25 00:00:00,Seif,Zaki,9.0,Zamalek,Active,2025-10-21,Circuits for Beginners,Galal Mounir,Science,294.0,2021.0,Oasis Books,unknown,unknown,unknown
9030.0,1018.0,507.0,2025-03-09 00:00:00,not returned,Ahmed,Shafik,9.0,Maadi,Active,2023-01-28,Fossils and Fireflies,Dalia Serry,Science,160.0,2024.0,Nile Press,unknown,unknown,unknown
9291.0,1065.0,526.0,2024-03-25 00:00:00,2024-03-31 00:00:00,Adam,Fahmy,6.0,Zamalek,Active,2025-07-12,The Clockwork Orchard,Mahmoud Rafei,Science Fiction,125.0,2016.0,Delta House,unknown,unknown,unknown
9369.0,1076.0,501.0,2025-06-05 00:00:00,not returned,Dina,Wahba,7.0,Shubra,Active,2025-12-13,The Silver Kite,Amina Darwish,Adventure,128.0,2017.0,Nile Press,unknown,unknown,unknown
9225.0,1059.0,516.0,2025-08-06 00:00:00,2025-08-22 00:00:00,Lina,Halim,7.0,Heliopolis,Active,2024-01-06,The Beekeeper's Almanac,Hoda Bakry,Nature,241.0,2010.0,Nile Press,unknown,unknown,unknown
9256.0,1059.0,521.0,2025-07-09 00:00:00,not returned,Lina,Halim,7.0,Heliopolis,Active,2024-01-06,A Garden of Equations,Karim Elwy,Science,211.0,2024.0,Cairo Young Readers,unknown,unknown,unknown
9234.0,1053.0,525.0,2024-02-13 00:00:00,2024-03-06 00:00:00,Adam,Shafik,9.0,Heliopolis,Active,2024-01-03,Storms and Sailboats,Mahmoud Rafei,Adventure,297.0,2015.0,Oasis Books,unknown,unknown,unknown
9152.0,1030.0,525.0,2025-01-03 00:00:00,not returned,Reem,Osman,Unknown,Nasr City,Active,2025-04-01,Storms and Sailboats,Mahmoud Rafei,Adventure,297.0,2015.0,Oasis Books,unknown,unknown,unknown
9063.0,1018.0,515.0,2024-10-22 00:00:00,not returned,Ahmed,Shafik,9.0,Maadi,Active,2023-01-28,Songs of the Oasis,Hoda Bakry,Poetry,316.0,2022.0,Cairo Young Readers,unknown,unknown,unknown
9161.0,1040.0,519.0,2025-10-11 00:00:00,2025-11-01 00:00:00,Dina,Adel,9.0,Nasr City,Active,2025-12-26,Kites Over Cairo,Jasmine Wahdan,Friendship,157.0,2014.0,Nile Press,unknown,unknown,unknown
9206.0,1050.0,519.0,2024-03-17 00:00:00,not returned,Fares,Adel,6.0,Heliopolis,Inactive,2025-09-10,Kites Over Cairo,Jasmine Wahdan,Friendship,157.0,2014.0,Nile Press,unknown,unknown,unknown
9031.0,1020.0,530.0,2025-12-28 00:00:00,2026-01-05 00:00:00,Rana,Fouad,6.0,Maadi,Active,2025-12-04,The Sandstone Key,Sara Tantawy,Adventure,208.0,2012.0,Oasis Books,unknown,unknown,unknown
9189.0,1032.0,507.0,2025-12-08 00:00:00,2025-12-16 00:00:00,Nada,Zaki,7.0,Nasr City,Active,2025-10-19,Fossils and Fireflies,Dalia Serry,Science,160.0,2024.0,Nile Press,unknown,unknown,unknown
9288.0,1065.0,519.0,2025-03-20 00:00:00,2025-03-31 00:00:00,Adam,Fahmy,6.0,Zamalek,Active,2025-07-12,Kites Over Cairo,Jasmine Wahdan,Friendship,157.0,2014.0,Nile Press,unknown,unknown,unknown
9236.0,1052.0,507.0,2024-09-02 00:00:00,2024-09-29 00:00:00,Retaj,Adel,7.0,Heliopolis,Active,2025-06-07,Fossils and Fireflies,Dalia Serry,Science,160.0,2024.0,Nile Press,unknown,unknown,unknown
9360.0,1077.0,520.0,2024-03-04 00:00:00,2024-03-16 00:00:00,Lina,Rashad,6.0,Shubra,Active,2023-07-08,The Copper Telescope,Jasmine Wahdan,Science Fiction,136.0,2009.0,Oasis Books,unknown,unknown,unknown
9111.0,1027.0,510.0,2024-09-12 00:00:00,2024-10-03 00:00:00,Mostafa,Fouad,9.0,Nasr City,Active,2023-09-25,The Missing Metronome,Diaa Sultan,Mystery,134.0,2013.0,Cairo Young Readers,unknown,unknown,unknown
9342.0,1068.0,501.0,2025-05-28 00:00:00,2025-06-27 00:00:00,Layla,Hegazy,8.0,Zamalek,Inactive,2025-02-24,The Silver Kite,Amina Darwish,Adventure,128.0,2017.0,Nile Press,unknown,unknown,unknown
9380.0,1022.0,513.0,2024-04-22 00:00:00,2024-04-28 00:00:00,Youssef,Fouad,7.0,Maadi,Active,2025-02-28,Circuits for Beginners,Galal Mounir,Science,294.0,2021.0,Oasis Books,unknown,unknown,unknown
9302.0,1061.0,507.0,2024-06-22 00:00:00,not returned,Ziad,Fahmy,9.0,Zamalek,Inactive,2023-04-27,Fossils and Fireflies,Dalia Serry,Science,160.0,2024.0,Nile Press,unknown,unknown,unknown
9173.0,1027.0,532.0,2025-03-10 00:00:00,2025-04-06 00:00:00,Mostafa,Fouad,9.0,Nasr City,Active,2023-09-25,The Last Bookmark,Samir Zohdy,Friendship,337.0,2017.0,Oasis Books,unknown,unknown,unknown
9019.0,1014.0,513.0,2024-03-06 00:00:00,2024-03-23 00:00:00,Habiba,Nabil,6.0,Maadi,Active,2024-07-09,Circuits for Beginners,Galal Mounir,Science,294.0,2021.0,Oasis Books,unknown,unknown,unknown
9143.0,1024.0,518.0,2025-10-02 00:00:00,not returned,Youssef,Hegazy,8.0,Nasr City,Inactive,2024-01-04,The Ninth Lighthouse,Hani Nagati,Adventure,163.0,2011.0,Delta House,unknown,unknown,unknown
9222.0,1050.0,505.0,2024-01-09 00:00:00,2024-02-01 00:00:00,Fares,Adel,6.0,Heliopolis,Inactive,2025-09-10,Letters to the Nile,Aya Hafez,Historical,216.0,2024.0,Oasis Books,unknown,unknown,unknown
9101.0,1020.0,532.0,2025-05-25 00:00:00,2025-06-15 00:00:00,Rana,Fouad,6.0,Maadi,Active,2025-12-04,The Last Bookmark,Samir Zohdy,Friendship,337.0,2017.0,Oasis Books,unknown,unknown,unknown
9316.0,1065.0,513.0,2024-08-25 00:00:00,2024-09-17 00:00:00,Adam,Fahmy,6.0,Zamalek,Active,2025-07-12,Circuits for Beginners,Galal Mounir,Science,294.0,2021.0,Oasis Books,unknown,unknown,unknown
9148.0,1027.0,532.0,2025-07-05 00:00:00,2025-07-26 00:00:00,Mostafa,Fouad,9.0,Nasr City,Active,2023-09-25,The Last Bookmark,Samir Zohdy,Friendship,337.0,2017.0,Oasis Books,unknown,unknown,unknown
9070.0,1018.0,513.0,2025-01-08 00:00:00,2025-02-01 00:00:00,Ahmed,Shafik,9.0,Maadi,Active,2023-01-28,Circuits for Beginners,Galal Mounir,Science,294.0,2021.0,Oasis Books,unknown,unknown,unknown
9139.0,1036.0,521.0,2024-03-14 00:00:00,2024-03-20 00:00:00,Lina,Zaki,7.0,Nasr City,Active,2025-08-05,A Garden of Equations,Karim Elwy,Science,211.0,2024.0,Cairo Young Readers,unknown,unknown,unknown
9043.0,1005.0,505.0,2024-01-26 00:00:00,2024-02-04 00:00:00,Youssef,Halim,9.0,Maadi,Active,2024-05-05,Letters to the Nile,Aya Hafez,Historical,216.0,2024.0,Oasis Books,unknown,unknown,unknown
9187.0,1034.0,502.0,2024-08-11 00:00:00,not returned,Aya,Wahba,9.0,Nasr City,Active,2025-01-22,Desert Compass,Amina Darwish,Adventure,109.0,2018.0,Delta House,unknown,unknown,unknown
9269.0,1054.0,507.0,2025-01-26 00:00:00,2025-01-31 00:00:00,Retaj,Fahmy,6.0,Heliopolis,Inactive,2024-03-21,Fossils and Fireflies,Dalia Serry,Science,160.0,2024.0,Nile Press,unknown,unknown,unknown
9056.0,1010.0,519.0,2025-07-11 00:00:00,2025-07-27 00:00:00,Nour,Nabil,6.0,Maadi,Active,2024-05-15,Kites Over Cairo,Jasmine Wahdan,Friendship,157.0,2014.0,Nile Press,unknown,unknown,unknown
9057.0,1020.0,519.0,2025-02-03 00:00:00,not returned,Rana,Fouad,6.0,Maadi,Active,2025-12-04,Kites Over Cairo,Jasmine Wahdan,Friendship,157.0,2014.0,Nile Press,unknown,unknown,unknown
9140.0,1034.0,513.0,2025-03-06 00:00:00,2025-04-02 00:00:00,Aya,Wahba,9.0,Nasr City,Active,2025-01-22,Circuits for Beginners,Galal Mounir,Science,294.0,2021.0,Oasis Books,unknown,unknown,unknown
9209.0,1058.0,525.0,2024-11-22 00:00:00,2024-12-12 00:00:00,Lina,Mansour,8.0,Heliopolis,Active,2025-07-20,Storms and Sailboats,Mahmoud Rafei,Adventure,297.0,2015.0,Oasis Books,unknown,unknown,unknown
9249.0,1057.0,519.0,2024-10-17 00:00:00,2024-11-03 00:00:00,Ahmed,Fahmy,8.0,Heliopolis,Active,2024-01-12,Kites Over Cairo,Jasmine Wahdan,Friendship,157.0,2014.0,Nile Press,unknown,unknown,unknown
9058.0,1006.0,501.0,2025-03-18 00:00:00,2025-04-09 00:00:00,Layla,Mansour,6.0,Maadi,Inactive,2024-02-12,The Silver Kite,Amina Darwish,Adventure,128.0,2017.0,Nile Press,unknown,unknown,unknown
9366.0,1079.0,503.0,2024-06-23 00:00:00,2024-07-23 00:00:00,Rana,Osman,8.0,Shubra,Active,2024-10-27,The Lantern Maker,Adel Roushdy,Historical,259.0,0.0,Nile Press,unknown,unknown,unknown
9218.0,1044.0,532.0,2025-04-23 00:00:00,2025-05-04 00:00:00,Sherif,Saleh,7.0,Heliopolis,Active,2024-02-19,The Last Bookmark,Samir Zohdy,Friendship,337.0,2017.0,Oasis Books,unknown,unknown,unknown
9355.0,1075.0,515.0,2024-11-10 00:00:00,2024-12-02 00:00:00,Malak,Fahmy,7.0,Shubra,Active,2024-10-28,Songs of the Oasis,Hoda Bakry,Poetry,316.0,2022.0,Cairo Young Readers,unknown,unknown,unknown
9205.0,1053.0,525.0,2024-12-02 00:00:00,2024-12-14 00:00:00,Adam,Shafik,9.0,Heliopolis,Active,2024-01-03,Storms and Sailboats,Mahmoud Rafei,Adventure,297.0,2015.0,Oasis Books,unknown,unknown,unknown
9025.0,1001.0,525.0,2024-10-24 00:00:00,2024-11-07 00:00:00,Salma,Ibrahim,8.0,Maadi,Active,2023-04-05,Storms and Sailboats,Mahmoud Rafei,Adventure,297.0,2015.0,Oasis Books,unknown,unknown,unknown
9124.0,1024.0,525.0,2025-10-14 00:00:00,2025-11-13 00:00:00,Youssef,Hegazy,8.0,Nasr City,Inactive,2024-01-04,Storms and Sailboats,Mahmoud Rafei,Adventure,297.0,2015.0,Oasis Books,unknown,unknown,unknown
9034.0,1015.0,511.0,2025-10-13 00:00:00,not returned,Hamza,Sabry,7.0,Maadi,Inactive,2025-08-13,Winter in Alexandria,Farida Anwar,Historical,117.0,2016.0,Nile Press,unknown,unknown,unknown
9181.0,1041.0,509.0,2025-03-24 00:00:00,not returned,Nada,Rashad,7.0,Nasr City,Active,2024-04-02,Marbles and Mirrors,Diaa Sultan,Mystery,221.0,2011.0,Nile Press,unknown,unknown,unknown
9171.0,1027.0,507.0,2025-05-23 00:00:00,2025-06-19 00:00:00,Mostafa,Fouad,9.0,Nasr City,Active,2023-09-25,Fossils and Fireflies,Dalia Serry,Science,160.0,2024.0,Nile Press,unknown,unknown,unknown
9318.0,1067.0,513.0,2025-07-23 00:00:00,2025-08-17 00:00:00,Aya,Ibrahim,7.0,Zamalek,Inactive,2024-07-03,Circuits for Beginners,Galal Mounir,Science,294.0,2021.0,Oasis Books,unknown,unknown,unknown
9296.0,1065.0,501.0,2024-12-15 00:00:00,2025-01-11 00:00:00,Adam,Fahmy,6.0,Zamalek,Active,2025-07-12,The Silver Kite,Amina Darwish,Adventure,128.0,2017.0,Nile Press,unknown,unknown,unknown
9348.0,1075.0,532.0,2024-07-28 00:00:00,2024-08-25 00:00:00,Malak,Fahmy,7.0,Shubra,Active,2024-10-28,The Last Bookmark,Samir Zohdy,Friendship,337.0,2017.0,Oasis Books,unknown,unknown,unknown
9141.0,1027.0,529.0,2025-02-09 00:00:00,2025-03-03 00:00:00,Mostafa,Fouad,9.0,Nasr City,Active,2023-09-25,Riddles of the Red Sea,Sara Tantawy,Mystery,298.0,0.0,Cairo Young Readers,unknown,unknown,unknown
9094.0,1022.0,527.0,2024-11-22 00:00:00,2024-12-08 00:00:00,Youssef,Fouad,7.0,Maadi,Active,2025-02-28,Notes from the Delta,Mona Kholoussy,Nature,328.0,2017.0,Delta House,unknown,unknown,unknown
9280.0,1054.0,517.0,2024-09-06 00:00:00,2024-09-15 00:00:00,Retaj,Fahmy,6.0,Heliopolis,Inactive,2024-03-21,Shadows on the Corniche,Hani Nagati,Mystery,338.0,2015.0,Delta House,unknown,unknown,unknown
9211.0,1044.0,507.0,2025-04-28 00:00:00,2025-05-25 00:00:00,Sherif,Saleh,7.0,Heliopolis,Active,2024-02-19,Fossils and Fireflies,Dalia Serry,Science,160.0,2024.0,Nile Press,unknown,unknown,unknown
9294.0,1067.0,507.0,2024-11-26 00:00:00,not returned,Aya,Ibrahim,7.0,Zamalek,Inactive,2024-07-03,Fossils and Fireflies,Dalia Serry,Science,160.0,2024.0,Nile Press,unknown,unknown,unknown
9372.0,1076.0,519.0,2025-03-06 00:00:00,2025-04-02 00:00:00,Dina,Wahba,7.0,Shubra,Active,2025-12-13,Kites Over Cairo,Jasmine Wahdan,Friendship,157.0,2014.0,Nile Press,unknown,unknown,unknown
9112.0,1031.0,521.0,2024-07-28 00:00:00,2024-08-22 00:00:00,Ali,Fahmy,8.0,Nasr City,Active,2023-09-08,A Garden of Equations,Karim Elwy,Science,211.0,2024.0,Cairo Young Readers,unknown,unknown,unknown
9001.0,1008.0,501.0,2025-08-23 00:00:00,2025-08-28 00:00:00,Ziad,Saleh,8.0,Maadi,Active,2025-10-28,The Silver Kite,Amina Darwish,Adventure,128.0,2017.0,Nile Press,unknown,unknown,unknown
9328.0,1070.0,501.0,2024-01-28 00:00:00,not returned,Ahmed,Zaki,9.0,Zamalek,Active,2025-07-22,The Silver Kite,Amina Darwish,Adventure,128.0,2017.0,Nile Press,unknown,unknown,unknown
9075.0,1018.0,510.0,2024-07-01 00:00:00,not returned,Ahmed,Shafik,9.0,Maadi,Active,2023-01-28,The Missing Metronome,Diaa Sultan,Mystery,134.0,2013.0,Cairo Young Readers,unknown,unknown,unknown
9149.0,1032.0,507.0,2025-02-09 00:00:00,2025-02-18 00:00:00,Nada,Zaki,7.0,Nasr City,Active,2025-10-19,Fossils and Fireflies,Dalia Serry,Science,160.0,2024.0,Nile Press,unknown,unknown,unknown
9165.0,1030.0,519.0,2025-03-27 00:00:00,2025-04-02 00:00:00,Reem,Osman,Unknown,Nasr City,Active,2025-04-01,Kites Over Cairo,Jasmine Wahdan,Friendship,157.0,2014.0,Nile Press,unknown,unknown,unknown
9255.0,1044.0,509.0,2025-05-24 00:00:00,2025-06-13 00:00:00,Sherif,Saleh,7.0,Heliopolis,Active,2024-02-19,Marbles and Mirrors,Diaa Sultan,Mystery,221.0,2011.0,Nile Press,unknown,unknown,unknown
9304.0,1068.0,519.0,2024-04-16 00:00:00,2024-05-09 00:00:00,Layla,Hegazy,8.0,Zamalek,Inactive,2025-02-24,Kites Over Cairo,Jasmine Wahdan,Friendship,157.0,2014.0,Nile Press,unknown,unknown,unknown
9322.0,1061.0,510.0,2025-10-20 00:00:00,2025-11-15 00:00:00,Ziad,Fahmy,9.0,Zamalek,Inactive,2023-04-27,The Missing Metronome,Diaa Sultan,Mystery,134.0,2013.0,Cairo Young Readers,unknown,unknown,unknown
9317.0,1061.0,507.0,2024-01-26 00:00:00,2024-02-09 00:00:00,Ziad,Fahmy,9.0,Zamalek,Inactive,2023-04-27,Fossils and Fireflies,Dalia Serry,Science,160.0,2024.0,Nile Press,unknown,unknown,unknown
9271.0,1044.0,513.0,2025-04-26 00:00:00,2025-05-06 00:00:00,Sherif,Saleh,7.0,Heliopolis,Active,2024-02-19,Circuits for Beginners,Galal Mounir,Science,294.0,2021.0,Oasis Books,unknown,unknown,unknown
9186.0,1034.0,516.0,2025-07-17 00:00:00,2025-08-03 00:00:00,Aya,Wahba,9.0,Nasr City,Active,2025-01-22,The Beekeeper's Almanac,Hoda Bakry,Nature,241.0,2010.0,Nile Press,unknown,unknown,unknown
9333.0,1072.0,520.0,2025-06-03 00:00:00,2025-06-08 00:00:00,Seif,Zaki,9.0,Zamalek,Active,2025-10-21,The Copper Telescope,Jasmine Wahdan,Science Fiction,136.0,2009.0,Oasis Books,unknown,unknown,unknown
9188.0,1023.0,507.0,2025-05-11 00:00:00,2025-06-08 00:00:00,Hassan,Rashad,8.0,Nasr City,Inactive,unknown,Fossils and Fireflies,Dalia Serry,Science,160.0,2024.0,Nile Press,unknown,unknown,unknown
9371.0,1079.0,528.0,2025-04-22 00:00:00,2025-05-02 00:00:00,Rana,Osman,8.0,Shubra,Active,2024-10-27,The Glass Beehive,Mona Kholoussy,Nature,114.0,2010.0,Delta House,unknown,unknown,unknown
9036.0,1010.0,515.0,2024-11-27 00:00:00,2024-12-24 00:00:00,Nour,Nabil,6.0,Maadi,Active,2024-05-15,Songs of the Oasis,Hoda Bakry,Poetry,316.0,2022.0,Cairo Young Readers,unknown,unknown,unknown
9163.0,1034.0,531.0,2025-12-28 00:00:00,2026-01-02 00:00:00,Aya,Wahba,9.0,Nasr City,Active,2025-01-22,Voices in the Library,Samir Zohdy,Friendship,272.0,2018.0,Oasis Books,unknown,unknown,unknown
9091.0,1008.0,525.0,2024-06-03 00:00:00,2024-06-12 00:00:00,Ziad,Saleh,8.0,Maadi,Active,2025-10-28,Storms and Sailboats,Mahmoud Rafei,Adventure,297.0,2015.0,Oasis Books,unknown,unknown,unknown
9092.0,1019.0,507.0,2025-03-20 00:00:00,2025-03-27 00:00:00,Mostafa,Wahba,6.0,Maadi,Inactive,2024-07-20,Fossils and Fireflies,Dalia Serry,Science,160.0,2024.0,Nile Press,unknown,unknown,unknown
9040.0,1016.0,529.0,2025-01-23 00:00:00,2025-02-11 00:00:00,Dina,Rashad,8.0,Maadi,Active,2023-04-24,Riddles of the Red Sea,Sara Tantawy,Mystery,298.0,0.0,Cairo Young Readers,unknown,unknown,unknown
9376.0,1024.0,518.0,2025-10-22 00:00:00,2025-11-04 00:00:00,Youssef,Hegazy,8.0,Nasr City,Inactive,2024-01-04,The Ninth Lighthouse,Hani Nagati,Adventure,163.0,2011.0,Delta House,unknown,unknown,unknown
9033.0,1020.0,522.0,2025-02-26 00:00:00,2025-03-11 00:00:00,Rana,Fouad,6.0,Maadi,Active,2025-12-04,The Puzzle Merchant,Karim Elwy,Mystery,104.0,2016.0,Cairo Young Readers,unknown,unknown,unknown
9341.0,1065.0,516.0,2025-02-19 00:00:00,2025-03-09 00:00:00,Adam,Fahmy,6.0,Zamalek,Active,2025-07-12,The Beekeeper's Almanac,Hoda Bakry,Nature,241.0,2010.0,Nile Press,unknown,unknown,unknown
9247.0,1044.0,510.0,2025-02-01 00:00:00,2025-02-23 00:00:00,Sherif,Saleh,7.0,Heliopolis,Active,2024-02-19,The Missing Metronome,Diaa Sultan,Mystery,134.0,2013.0,Cairo Young Readers,unknown,unknown,unknown
9184.0,1026.0,501.0,2024-12-15 00:00:00,2025-01-11 00:00:00,Nada,Saleh,7.0,Nasr City,Inactive,2023-11-16,The Silver Kite,Amina Darwish,Adventure,128.0,2017.0,Nile Press,unknown,unknown,unknown
9228.0,1044.0,516.0,2024-12-05 00:00:00,2024-12-26 00:00:00,Sherif,Saleh,7.0,Heliopolis,Active,2024-02-19,The Beekeeper's Almanac,Hoda Bakry,Nature,241.0,2010.0,Nile Press,unknown,unknown,unknown
9331.0,1065.0,525.0,2025-02-17 00:00:00,2025-02-23 00:00:00,Adam,Fahmy,6.0,Zamalek,Active,2025-07-12,Storms and Sailboats,Mahmoud Rafei,Adventure,297.0,2015.0,Oasis Books,unknown,unknown,unknown
9207.0,1044.0,527.0,2025-10-20 00:00:00,2025-11-04 00:00:00,Sherif,Saleh,7.0,Heliopolis,Active,2024-02-19,Notes from the Delta,Mona Kholoussy,Nature,328.0,2017.0,Delta House,unknown,unknown,unknown
9323.0,1072.0,519.0,2024-01-23 00:00:00,2024-01-28 00:00:00,Seif,Zaki,9.0,Zamalek,Active,2025-10-21,Kites Over Cairo,Jasmine Wahdan,Friendship,157.0,2014.0,Nile Press,unknown,unknown,unknown
9337.0,1072.0,529.0,2024-11-13 00:00:00,not returned,Seif,Zaki,9.0,Zamalek,Active,2025-10-21,Riddles of the Red Sea,Sara Tantawy,Mystery,298.0,0.0,Cairo Young Readers,unknown,unknown,unknown
9326.0,1062.0,501.0,2024-08-15 00:00:00,2024-08-21 00:00:00,Tarek,Adel,7.0,Zamalek,Active,2023-01-22,The Silver Kite,Amina Darwish,Adventure,128.0,2017.0,Nile Press,unknown,unknown,unknown
9128.0,1024.0,501.0,2025-06-12 00:00:00,2025-06-19 00:00:00,Youssef,Hegazy,8.0,Nasr City,Inactive,2024-01-04,The Silver Kite,Amina Darwish,Adventure,128.0,2017.0,Nile Press,unknown,unknown,unknown
9123.0,1027.0,511.0,2025-03-23 00:00:00,2025-04-11 00:00:00,Mostafa,Fouad,9.0,Nasr City,Active,2023-09-25,Winter in Alexandria,Farida Anwar,Historical,117.0,2016.0,Nile Press,unknown,unknown,unknown
9003.0,1015.0,501.0,2024-08-04 00:00:00,2024-08-13 00:00:00,Hamza,Sabry,7.0,Maadi,Inactive,2025-08-13,The Silver Kite,Amina Darwish,Adventure,128.0,2017.0,Nile Press,unknown,unknown,unknown
9066.0,1005.0,513.0,2025-07-15 00:00:00,2025-07-31 00:00:00,Youssef,Halim,9.0,Maadi,Active,2024-05-05,Circuits for Beginners,Galal Mounir,Science,294.0,2021.0,Oasis Books,unknown,unknown,unknown
9053.0,1008.0,516.0,2025-07-20 00:00:00,2025-08-08 00:00:00,Ziad,Saleh,8.0,Maadi,Active,2025-10-28,The Beekeeper's Almanac,Hoda Bakry,Nature,241.0,2010.0,Nile Press,unknown,unknown,unknown
9052.0,1019.0,501.0,2024-06-20 00:00:00,2024-06-29 00:00:00,Mostafa,Wahba,6.0,Maadi,Inactive,2024-07-20,The Silver Kite,Amina Darwish,Adventure,128.0,2017.0,Nile Press,unknown,unknown,unknown
9162.0,1030.0,519.0,2025-08-27 00:00:00,2025-09-11 00:00:00,Reem,Osman,Unknown,Nasr City,Active,2025-04-01,Kites Over Cairo,Jasmine Wahdan,Friendship,157.0,2014.0,Nile Press,unknown,unknown,unknown
9027.0,1018.0,519.0,2024-11-04 00:00:00,not returned,Ahmed,Shafik,9.0,Maadi,Active,2023-01-28,Kites Over Cairo,Jasmine Wahdan,Friendship,157.0,2014.0,Nile Press,unknown,unknown,unknown
9194.0,1024.0,513.0,2024-09-17 00:00:00,2024-10-09 00:00:00,Youssef,Hegazy,8.0,Nasr City,Inactive,2024-01-04,Circuits for Beginners,Galal Mounir,Science,294.0,2021.0,Oasis Books,unknown,unknown,unknown
9120.0,1034.0,526.0,2025-06-06 00:00:00,2025-06-26 00:00:00,Aya,Wahba,9.0,Nasr City,Active,2025-01-22,The Clockwork Orchard,Mahmoud Rafei,Science Fiction,125.0,2016.0,Delta House,unknown,unknown,unknown
9182.0,1037.0,525.0,2024-05-19 00:00:00,2024-06-03 00:00:00,Retaj,Kamel,Unknown,Nasr City,Inactive,2023-08-26,Storms and Sailboats,Mahmoud Rafei,Adventure,297.0,2015.0,Oasis Books,unknown,unknown,unknown
9241.0,1059.0,519.0,2025-01-04 00:00:00,2025-01-11 00:00:00,Lina,Halim,7.0,Heliopolis,Active,2024-01-06,Kites Over Cairo,Jasmine Wahdan,Friendship,157.0,2014.0,Nile Press,unknown,unknown,unknown
9172.0,1030.0,513.0,2025-05-04 00:00:00,2025-05-26 00:00:00,Reem,Osman,Unknown,Nasr City,Active,2025-04-01,Circuits for Beginners,Galal Mounir,Science,294.0,2021.0,Oasis Books,unknown,unknown,unknown
9193.0,1034.0,519.0,2024-09-15 00:00:00,2024-10-01 00:00:00,Aya,Wahba,9.0,Nasr City,Active,2025-01-22,Kites Over Cairo,Jasmine Wahdan,Friendship,157.0,2014.0,Nile Press,unknown,unknown,unknown
9100.0,1010.0,513.0,2025-08-27 00:00:00,2025-09-22 00:00:00,Nour,Nabil,6.0,Maadi,Active,2024-05-15,Circuits for Beginners,Galal Mounir,Science,294.0,2021.0,Oasis Books,unknown,unknown,unknown
9227.0,1059.0,513.0,2024-11-02 00:00:00,2024-11-20 00:00:00,Lina,Halim,7.0,Heliopolis,Active,2024-01-06,Circuits for Beginners,Galal Mounir,Science,294.0,2021.0,Oasis Books,unknown,unknown,unknown
9110.0,1030.0,506.0,2024-05-14 00:00:00,2024-05-30 00:00:00,Reem,Osman,Unknown,Nasr City,Active,2025-04-01,The Paper Boat Club,Aya Hafez,Friendship,183.0,0.0,Nile Press,unknown,unknown,unknown
9021.0,1008.0,501.0,2025-05-22 00:00:00,2025-05-29 00:00:00,Ziad,Saleh,8.0,Maadi,Active,2025-10-28,The Silver Kite,Amina Darwish,Adventure,128.0,2017.0,Nile Press,unknown,unknown,unknown
9007.0,1008.0,507.0,2025-03-15 00:00:00,2025-03-31 00:00:00,Ziad,Saleh,8.0,Maadi,Active,2025-10-28,Fossils and Fireflies,Dalia Serry,Science,160.0,2024.0,Nile Press,unknown,unknown,unknown
9365.0,1075.0,501.0,2024-01-17 00:00:00,2024-02-01 00:00:00,Malak,Fahmy,7.0,Shubra,Active,2024-10-28,The Silver Kite,Amina Darwish,Adventure,128.0,2017.0,Nile Press,unknown,unknown,unknown
9142.0,1027.0,516.0,2024-09-21 00:00:00,2024-10-14 00:00:00,Mostafa,Fouad,9.0,Nasr City,Active,2023-09-25,The Beekeeper's Almanac,Hoda Bakry,Nature,241.0,2010.0,Nile Press,unknown,unknown,unknown
9073.0,1008.0,513.0,2025-02-13 00:00:00,not returned,Ziad,Saleh,8.0,Maadi,Active,2025-10-28,Circuits for Beginners,Galal Mounir,Science,294.0,2021.0,Oasis Books,unknown,unknown,unknown
9024.0,1010.0,507.0,2025-01-27 00:00:00,2025-02-09 00:00:00,Nour,Nabil,6.0,Maadi,Active,2024-05-15,Fossils and Fireflies,Dalia Serry,Science,160.0,2024.0,Nile Press,unknown,unknown,unknown
9067.0,1008.0,507.0,2024-01-05 00:00:00,2024-01-29 00:00:00,Ziad,Saleh,8.0,Maadi,Active,2025-10-28,Fossils and Fireflies,Dalia Serry,Science,160.0,2024.0,Nile Press,unknown,unknown,unknown
9324.0,1061.0,529.0,2025-03-12 00:00:00,2025-04-10 00:00:00,Ziad,Fahmy,9.0,Zamalek,Inactive,2023-04-27,Riddles of the Red Sea,Sara Tantawy,Mystery,298.0,0.0,Cairo Young Readers,unknown,unknown,unknown
9250.0,1044.0,507.0,2025-08-05 00:00:00,2025-08-23 00:00:00,Sherif,Saleh,7.0,Heliopolis,Active,2024-02-19,Fossils and Fireflies,Dalia Serry,Science,160.0,2024.0,Nile Press,unknown,unknown,unknown
9090.0,1016.0,507.0,2025-02-18 00:00:00,2025-03-04 00:00:00,Dina,Rashad,8.0,Maadi,Active,2023-04-24,Fossils and Fireflies,Dalia Serry,Science,160.0,2024.0,Nile Press,unknown,unknown,unknown
9198.0,1027.0,524.0,2024-10-03 00:00:00,2024-10-19 00:00:00,Mostafa,Fouad,9.0,Nasr City,Active,2023-09-25,The Weaver's Daughter,Laila Shokry,Historical,114.0,2016.0,Cairo Young Readers,unknown,unknown,unknown
9046.0,1022.0,513.0,2024-02-22 00:00:00,not returned,Youssef,Fouad,7.0,Maadi,Active,2025-02-28,Circuits for Beginners,Galal Mounir,Science,294.0,2021.0,Oasis Books,unknown,unknown,unknown
9115.0,1034.0,502.0,2025-12-16 00:00:00,2026-01-15 00:00:00,Aya,Wahba,9.0,Nasr City,Active,2025-01-22,Desert Compass,Amina Darwish,Adventure,109.0,2018.0,Delta House,unknown,unknown,unknown
9310.0,1067.0,511.0,2024-02-04 00:00:00,2024-02-12 00:00:00,Aya,Ibrahim,7.0,Zamalek,Inactive,2024-07-03,Winter in Alexandria,Farida Anwar,Historical,117.0,2016.0,Nile Press,unknown,unknown,unknown
9357.0,1077.0,516.0,2024-07-26 00:00:00,2024-08-15 00:00:00,Lina,Rashad,6.0,Shubra,Active,2023-07-08,The Beekeeper's Almanac,Hoda Bakry,Nature,241.0,2010.0,Nile Press,unknown,unknown,unknown
9286.0,1072.0,507.0,2024-08-09 00:00:00,2024-08-16 00:00:00,Seif,Zaki,9.0,Zamalek,Active,2025-10-21,Fossils and Fireflies,Dalia Serry,Science,160.0,2024.0,Nile Press,unknown,unknown,unknown
9354.0,1079.0,502.0,2024-03-09 00:00:00,2024-03-18 00:00:00,Rana,Osman,8.0,Shubra,Active,2024-10-27,Desert Compass,Amina Darwish,Adventure,109.0,2018.0,Delta House,unknown,unknown,unknown
9290.0,1065.0,519.0,2025-10-09 00:00:00,not returned,Adam,Fahmy,6.0,Zamalek,Active,2025-07-12,Kites Over Cairo,Jasmine Wahdan,Friendship,157.0,2014.0,Nile Press,unknown,unknown,unknown
9257.0,1047.0,501.0,2024-10-18 00:00:00,2024-11-16 00:00:00,Sara,Rashad,Unknown,Heliopolis,Inactive,2024-06-25,The Silver Kite,Amina Darwish,Adventure,128.0,2017.0,Nile Press,unknown,unknown,unknown
9261.0,1047.0,509.0,2025-09-02 00:00:00,2025-09-18 00:00:00,Sara,Rashad,Unknown,Heliopolis,Inactive,2024-06-25,Marbles and Mirrors,Diaa Sultan,Mystery,221.0,2011.0,Nile Press,unknown,unknown,unknown
9119.0,1024.0,518.0,2025-02-26 00:00:00,2025-03-15 00:00:00,Youssef,Hegazy,8.0,Nasr City,Inactive,2024-01-04,The Ninth Lighthouse,Hani Nagati,Adventure,163.0,2011.0,Delta House,unknown,unknown,unknown
9313.0,1068.0,507.0,2024-12-13 00:00:00,2024-12-19 00:00:00,Layla,Hegazy,8.0,Zamalek,Inactive,2025-02-24,Fossils and Fireflies,Dalia Serry,Science,160.0,2024.0,Nile Press,unknown,unknown,unknown
9213.0,1050.0,501.0,2024-05-07 00:00:00,2024-05-14 00:00:00,Fares,Adel,6.0,Heliopolis,Inactive,2025-09-10,The Silver Kite,Amina Darwish,Adventure,128.0,2017.0,Nile Press,unknown,unknown,unknown
9051.0,1003.0,513.0,2025-07-22 00:00:00,2025-08-18 00:00:00,Bassel,Hegazy,6.0,Maadi,Active,2025-04-23,Circuits for Beginners,Galal Mounir,Science,294.0,2021.0,Oasis Books,unknown,unknown,unknown
9093.0,1008.0,507.0,2025-03-22 00:00:00,2025-04-19 00:00:00,Ziad,Saleh,8.0,Maadi,Active,2025-10-28,Fossils and Fireflies,Dalia Serry,Science,160.0,2024.0,Nile Press,unknown,unknown,unknown
9274.0,1054.0,522.0,2024-09-06 00:00:00,2024-09-17 00:00:00,Retaj,Fahmy,6.0,Heliopolis,Inactive,2024-03-21,The Puzzle Merchant,Karim Elwy,Mystery,104.0,2016.0,Cairo Young Readers,unknown,unknown,unknown
9292.0,1074.0,525.0,2024-12-28 00:00:00,2025-01-06 00:00:00,Mostafa,Saleh,8.0,Zamalek,Active,2025-11-21,Storms and Sailboats,Mahmoud Rafei,Adventure,297.0,2015.0,Oasis Books,unknown,unknown,unknown
9009.0,1022.0,506.0,2025-04-28 00:00:00,2025-05-04 00:00:00,Youssef,Fouad,7.0,Maadi,Active,2025-02-28,The Paper Boat Club,Aya Hafez,Friendship,183.0,0.0,Nile Press,unknown,unknown,unknown
9064.0,1008.0,502.0,2025-06-12 00:00:00,2025-06-21 00:00:00,Ziad,Saleh,8.0,Maadi,Active,2025-10-28,Desert Compass,Amina Darwish,Adventure,109.0,2018.0,Delta House,unknown,unknown,unknown
9169.0,1030.0,513.0,2025-11-25 00:00:00,not returned,Reem,Osman,Unknown,Nasr City,Active,2025-04-01,Circuits for Beginners,Galal Mounir,Science,294.0,2021.0,Oasis Books,unknown,unknown,unknown
9358.0,1077.0,513.0,2025-07-09 00:00:00,2025-07-24 00:00:00,Lina,Rashad,6.0,Shubra,Active,2023-07-08,Circuits for Beginners,Galal Mounir,Science,294.0,2021.0,Oasis Books,unknown,unknown,unknown
9297.0,1065.0,501.0,2025-04-14 00:00:00,not returned,Adam,Fahmy,6.0,Zamalek,Active,2025-07-12,The Silver Kite,Amina Darwish,Adventure,128.0,2017.0,Nile Press,unknown,unknown,unknown
9214.0,1058.0,525.0,2024-09-24 00:00:00,not returned,Lina,Mansour,8.0,Heliopolis,Active,2025-07-20,Storms and Sailboats,Mahmoud Rafei,Adventure,297.0,2015.0,Oasis Books,unknown,unknown,unknown
9008.0,1010.0,520.0,2025-08-11 00:00:00,not returned,Nour,Nabil,6.0,Maadi,Active,2024-05-15,The Copper Telescope,Jasmine Wahdan,Science Fiction,136.0,2009.0,Oasis Books,unknown,unknown,unknown
9237.0,1057.0,513.0,2024-02-22 00:00:00,not returned,Ahmed,Fahmy,8.0,Heliopolis,Active,2024-01-12,Circuits for Beginners,Galal Mounir,Science,294.0,2021.0,Oasis Books,unknown,unknown,unknown
9303.0,1061.0,509.0,2025-12-23 00:00:00,2026-01-10 00:00:00,Ziad,Fahmy,9.0,Zamalek,Inactive,2023-04-27,Marbles and Mirrors,Diaa Sultan,Mystery,221.0,2011.0,Nile Press,unknown,unknown,unknown
9338.0,1072.0,501.0,2024-07-16 00:00:00,not returned,Seif,Zaki,9.0,Zamalek,Active,2025-10-21,The Silver Kite,Amina Darwish,Adventure,128.0,2017.0,Nile Press,unknown,unknown,unknown
9343.0,1075.0,529.0,2024-10-04 00:00:00,2024-10-14 00:00:00,Malak,Fahmy,7.0,Shubra,Active,2024-10-28,Riddles of the Red Sea,Sara Tantawy,Mystery,298.0,0.0,Cairo Young Readers,unknown,unknown,unknown
9130.0,1024.0,503.0,2025-09-04 00:00:00,2025-09-17 00:00:00,Youssef,Hegazy,8.0,Nasr City,Inactive,2024-01-04,The Lantern Maker,Adel Roushdy,Historical,259.0,0.0,Nile Press,unknown,unknown,unknown
9192.0,1027.0,519.0,2025-09-26 00:00:00,2025-10-07 00:00:00,Mostafa,Fouad,9.0,Nasr City,Active,2023-09-25,Kites Over Cairo,Jasmine Wahdan,Friendship,157.0,2014.0,Nile Press,unknown,unknown,unknown
9017.0,1018.0,519.0,2024-08-06 00:00:00,2024-08-11 00:00:00,Ahmed,Shafik,9.0,Maadi,Active,2023-01-28,Kites Over Cairo,Jasmine Wahdan,Friendship,157.0,2014.0,Nile Press,unknown,unknown,unknown
9266.0,1053.0,519.0,2024-06-01 00:00:00,2024-06-15 00:00:00,Adam,Shafik,9.0,Heliopolis,Active,2024-01-03,Kites Over Cairo,Jasmine Wahdan,Friendship,157.0,2014.0,Nile Press,unknown,unknown,unknown
9132.0,1035.0,511.0,2025-02-26 00:00:00,2025-03-13 00:00:00,Karim,Fahmy,9.0,Nasr City,Inactive,2025-06-26,Winter in Alexandria,Farida Anwar,Historical,117.0,2016.0,Nile Press,unknown,unknown,unknown
9015.0,1010.0,507.0,2025-09-02 00:00:00,2025-09-14 00:00:00,Nour,Nabil,6.0,Maadi,Active,2024-05-15,Fossils and Fireflies,Dalia Serry,Science,160.0,2024.0,Nile Press,unknown,unknown,unknown
9362.0,1079.0,507.0,2024-03-08 00:00:00,2024-04-07 00:00:00,Rana,Osman,8.0,Shubra,Active,2024-10-27,Fossils and Fireflies,Dalia Serry,Science,160.0,2024.0,Nile Press,unknown,unknown,unknown
9262.0,1054.0,524.0,2024-02-25 00:00:00,2024-03-22 00:00:00,Retaj,Fahmy,6.0,Heliopolis,Inactive,2024-03-21,The Weaver's Daughter,Laila Shokry,Historical,114.0,2016.0,Cairo Young Readers,unknown,unknown,unknown
9336.0,1061.0,528.0,2024-04-18 00:00:00,2024-05-15 00:00:00,Ziad,Fahmy,9.0,Zamalek,Inactive,2023-04-27,The Glass Beehive,Mona Kholoussy,Nature,114.0,2010.0,Delta House,unknown,unknown,unknown
9105.0,1027.0,501.0,2025-03-05 00:00:00,2025-03-25 00:00:00,Mostafa,Fouad,9.0,Nasr City,Active,2023-09-25,The Silver Kite,Amina Darwish,Adventure,128.0,2017.0,Nile Press,unknown,unknown,unknown
9055.0,1015.0,525.0,2025-08-08 00:00:00,2025-08-27 00:00:00,Hamza,Sabry,7.0,Maadi,Inactive,2025-08-13,Storms and Sailboats,Mahmoud Rafei,Adventure,297.0,2015.0,Oasis Books,unknown,unknown,unknown
9183.0,1027.0,532.0,2025-03-28 00:00:00,2025-04-10 00:00:00,Mostafa,Fouad,9.0,Nasr City,Active,2023-09-25,The Last Bookmark,Samir Zohdy,Friendship,337.0,2017.0,Oasis Books,unknown,unknown,unknown
9049.0,1010.0,514.0,2025-09-08 00:00:00,not returned,Nour,Nabil,6.0,Maadi,Active,2024-05-15,The Robot in Row Nine,Galal Mounir,Science Fiction,328.0,2023.0,Cairo Young Readers,unknown,unknown,unknown
9307.0,1072.0,501.0,2025-06-10 00:00:00,2025-07-09 00:00:00,Seif,Zaki,9.0,Zamalek,Active,2025-10-21,The Silver Kite,Amina Darwish,Adventure,128.0,2017.0,Nile Press,unknown,unknown,unknown
9166.0,1032.0,519.0,2024-01-15 00:00:00,2024-01-24 00:00:00,Nada,Zaki,7.0,Nasr City,Active,2025-10-19,Kites Over Cairo,Jasmine Wahdan,Friendship,157.0,2014.0,Nile Press,unknown,unknown,unknown
9155.0,1028.0,525.0,2025-07-12 00:00:00,2025-07-18 00:00:00,Hassan,Adel,9.0,Nasr City,Active,2025-11-12,Storms and Sailboats,Mahmoud Rafei,Adventure,297.0,2015.0,Oasis Books,unknown,unknown,unknown
9240.0,1050.0,525.0,2025-07-25 00:00:00,2025-08-24 00:00:00,Fares,Adel,6.0,Heliopolis,Inactive,2025-09-10,Storms and Sailboats,Mahmoud Rafei,Adventure,297.0,2015.0,Oasis Books,unknown,unknown,unknown
9197.0,1030.0,501.0,2025-11-26 00:00:00,2025-12-01 00:00:00,Reem,Osman,Unknown,Nasr City,Active,2025-04-01,The Silver Kite,Amina Darwish,Adventure,128.0,2017.0,Nile Press,unknown,unknown,unknown
9375.0,1034.0,525.0,2025-10-27 00:00:00,2025-11-15 00:00:00,Aya,Wahba,9.0,Nasr City,Active,2025-01-22,Storms and Sailboats,Mahmoud Rafei,Adventure,297.0,2015.0,Oasis Books,unknown,unknown,unknown
9114.0,1034.0,516.0,2025-03-02 00:00:00,2025-03-17 00:00:00,Aya,Wahba,9.0,Nasr City,Active,2025-01-22,The Beekeeper's Almanac,Hoda Bakry,Nature,241.0,2010.0,Nile Press,unknown,unknown,unknown
9077.0,1008.0,514.0,2024-07-28 00:00:00,2024-08-12 00:00:00,Ziad,Saleh,8.0,Maadi,Active,2025-10-28,The Robot in Row Nine,Galal Mounir,Science Fiction,328.0,2023.0,Cairo Young Readers,unknown,unknown,unknown
9260.0,1044.0,518.0,2025-07-03 00:00:00,2025-07-27 00:00:00,Sherif,Saleh,7.0,Heliopolis,Active,2024-02-19,The Ninth Lighthouse,Hani Nagati,Adventure,163.0,2011.0,Delta House,unknown,unknown,unknown
9059.0,1016.0,518.0,2025-06-28 00:00:00,2025-07-27 00:00:00,Dina,Rashad,8.0,Maadi,Active,2023-04-24,The Ninth Lighthouse,Hani Nagati,Adventure,163.0,2011.0,Delta House,unknown,unknown,unknown
9332.0,1062.0,522.0,2024-07-03 00:00:00,not returned,Tarek,Adel,7.0,Zamalek,Active,2023-01-22,The Puzzle Merchant,Karim Elwy,Mystery,104.0,2016.0,Cairo Young Readers,unknown,unknown,unknown
9378.0,1018.0,501.0,2024-09-05 00:00:00,2024-09-21 00:00:00,Ahmed,Shafik,9.0,Maadi,Active,2023-01-28,The Silver Kite,Amina Darwish,Adventure,128.0,2017.0,Nile Press,unknown,unknown,unknown
9179.0,1027.0,517.0,2024-11-19 00:00:00,2024-12-17 00:00:00,Mostafa,Fouad,9.0,Nasr City,Active,2023-09-25,Shadows on the Corniche,Hani Nagati,Mystery,338.0,2015.0,Delta House,unknown,unknown,unknown
9126.0,1034.0,529.0,2024-10-22 00:00:00,2024-10-28 00:00:00,Aya,Wahba,9.0,Nasr City,Active,2025-01-22,Riddles of the Red Sea,Sara Tantawy,Mystery,298.0,0.0,Cairo Young Readers,unknown,unknown,unknown
9072.0,1007.0,513.0,2025-03-05 00:00:00,2025-04-01 00:00:00,Sherif,Fouad,6.0,Maadi,Active,2025-08-18,Circuits for Beginners,Galal Mounir,Science,294.0,2021.0,Oasis Books,unknown,unknown,unknown
9080.0,1008.0,501.0,2024-03-20 00:00:00,2024-04-18 00:00:00,Ziad,Saleh,8.0,Maadi,Active,2025-10-28,The Silver Kite,Amina Darwish,Adventure,128.0,2017.0,Nile Press,unknown,unknown,unknown
9298.0,1065.0,507.0,2025-06-18 00:00:00,2025-07-11 00:00:00,Adam,Fahmy,6.0,Zamalek,Active,2025-07-12,Fossils and Fireflies,Dalia Serry,Science,160.0,2024.0,Nile Press,unknown,unknown,unknown
9087.0,1020.0,511.0,2025-12-03 00:00:00,2025-12-13 00:00:00,Rana,Fouad,6.0,Maadi,Active,2025-12-04,Winter in Alexandria,Farida Anwar,Historical,117.0,2016.0,Nile Press,unknown,unknown,unknown
9006.0,1018.0,507.0,2025-06-26 00:00:00,2025-07-01 00:00:00,Ahmed,Shafik,9.0,Maadi,Active,2023-01-28,Fossils and Fireflies,Dalia Serry,Science,160.0,2024.0,Nile Press,unknown,unknown,unknown
9309.0,1068.0,511.0,2024-11-24 00:00:00,2024-12-12 00:00:00,Layla,Hegazy,8.0,Zamalek,Inactive,2025-02-24,Winter in Alexandria,Farida Anwar,Historical,117.0,2016.0,Nile Press,unknown,unknown,unknown
9069.0,1010.0,505.0,2024-06-14 00:00:00,2024-07-10 00:00:00,Nour,Nabil,6.0,Maadi,Active,2024-05-15,Letters to the Nile,Aya Hafez,Historical,216.0,2024.0,Oasis Books,unknown,unknown,unknown
9216.0,1050.0,519.0,2024-08-07 00:00:00,not returned,Fares,Adel,6.0,Heliopolis,Inactive,2025-09-10,Kites Over Cairo,Jasmine Wahdan,Friendship,157.0,2014.0,Nile Press,unknown,unknown,unknown
9191.0,1027.0,505.0,2024-08-05 00:00:00,2024-08-29 00:00:00,Mostafa,Fouad,9.0,Nasr City,Active,2023-09-25,Letters to the Nile,Aya Hafez,Historical,216.0,2024.0,Oasis Books,unknown,unknown,unknown
9013.0,1002.0,501.0,2024-02-16 00:00:00,2024-02-29 00:00:00,Fares,Saleh,9.0,Maadi,Active,unknown,The Silver Kite,Amina Darwish,Adventure,128.0,2017.0,Nile Press,unknown,unknown,unknown
9061.0,1016.0,505.0,2025-04-28 00:00:00,2025-05-20 00:00:00,Dina,Rashad,8.0,Maadi,Active,2023-04-24,Letters to the Nile,Aya Hafez,Historical,216.0,2024.0,Oasis Books,unknown,unknown,unknown
9295.0,1061.0,513.0,2025-12-12 00:00:00,2026-01-01 00:00:00,Ziad,Fahmy,9.0,Zamalek,Inactive,2023-04-27,Circuits for Beginners,Galal Mounir,Science,294.0,2021.0,Oasis Books,unknown,unknown,unknown
9363.0,1079.0,507.0,2024-12-23 00:00:00,2025-01-15 00:00:00,Rana,Osman,8.0,Shubra,Active,2024-10-27,Fossils and Fireflies,Dalia Serry,Science,160.0,2024.0,Nile Press,unknown,unknown,unknown
9102.0,1010.0,502.0,2024-10-05 00:00:00,not returned,Nour,Nabil,6.0,Maadi,Active,2024-05-15,Desert Compass,Amina Darwish,Adventure,109.0,2018.0,Delta House,unknown,unknown,unknown
9287.0,1065.0,532.0,2024-04-26 00:00:00,2024-05-23 00:00:00,Adam,Fahmy,6.0,Zamalek,Active,2025-07-12,The Last Bookmark,Samir Zohdy,Friendship,337.0,2017.0,Oasis Books,unknown,unknown,unknown
9330.0,1072.0,513.0,2025-04-11 00:00:00,2025-05-09 00:00:00,Seif,Zaki,9.0,Zamalek,Active,2025-10-21,Circuits for Beginners,Galal Mounir,Science,294.0,2021.0,Oasis Books,unknown,unknown,unknown
9178.0,1024.0,518.0,2025-08-21 00:00:00,2025-09-04 00:00:00,Youssef,Hegazy,8.0,Nasr City,Inactive,2024-01-04,The Ninth Lighthouse,Hani Nagati,Adventure,163.0,2011.0,Delta House,unknown,unknown,unknown
9175.0,1027.0,513.0,2025-03-04 00:00:00,2025-03-27 00:00:00,Mostafa,Fouad,9.0,Nasr City,Active,2023-09-25,Circuits for Beginners,Galal Mounir,Science,294.0,2021.0,Oasis Books,unknown,unknown,unknown
9267.0,1047.0,530.0,2024-12-05 00:00:00,2024-12-20 00:00:00,Sara,Rashad,Unknown,Heliopolis,Inactive,2024-06-25,The Sandstone Key,Sara Tantawy,Adventure,208.0,2012.0,Oasis Books,unknown,unknown,unknown
9159.0,1030.0,501.0,2024-12-11 00:00:00,not returned,Reem,Osman,Unknown,Nasr City,Active,2025-04-01,The Silver Kite,Amina Darwish,Adventure,128.0,2017.0,Nile Press,unknown,unknown,unknown
9037.0,1008.0,509.0,2024-01-02 00:00:00,2024-01-22 00:00:00,Ziad,Saleh,8.0,Maadi,Active,2025-10-28,Marbles and Mirrors,Diaa Sultan,Mystery,221.0,2011.0,Nile Press,unknown,unknown,unknown
9264.0,1059.0,507.0,2025-02-01 00:00:00,2025-02-13 00:00:00,Lina,Halim,7.0,Heliopolis,Active,2024-01-06,Fossils and Fireflies,Dalia Serry,Science,160.0,2024.0,Nile Press,unknown,unknown,unknown
9254.0,1059.0,501.0,2025-10-23 00:00:00,2025-11-07 00:00:00,Lina,Halim,7.0,Heliopolis,Active,2024-01-06,The Silver Kite,Amina Darwish,Adventure,128.0,2017.0,Nile Press,unknown,unknown,unknown
9259.0,1057.0,501.0,2025-11-16 00:00:00,2025-11-30 00:00:00,Ahmed,Fahmy,8.0,Heliopolis,Active,2024-01-12,The Silver Kite,Amina Darwish,Adventure,128.0,2017.0,Nile Press,unknown,unknown,unknown
9010.0,1009.0,513.0,2025-07-22 00:00:00,2025-08-16 00:00:00,Hassan,Saleh,6.0,Maadi,Active,2025-04-25,Circuits for Beginners,Galal Mounir,Science,294.0,2021.0,Oasis Books,unknown,unknown,unknown
9347.0,1075.0,519.0,2025-07-17 00:00:00,2025-07-31 00:00:00,Malak,Fahmy,7.0,Shubra,Active,2024-10-28,Kites Over Cairo,Jasmine Wahdan,Friendship,157.0,2014.0,Nile Press,unknown,unknown,unknown
9156.0,1032.0,503.0,2025-02-13 00:00:00,2025-03-14 00:00:00,Nada,Zaki,7.0,Nasr City,Active,2025-10-19,The Lantern Maker,Adel Roushdy,Historical,259.0,0.0,Nile Press,unknown,unknown,unknown
9147.0,1028.0,512.0,2025-10-05 00:00:00,2025-11-01 00:00:00,Hassan,Adel,9.0,Nasr City,Active,2025-11-12,The Cartographer's Cat,Farida Anwar,Adventure,238.0,2022.0,Delta House,unknown,unknown,unknown
9125.0,1039.0,501.0,2025-06-17 00:00:00,not returned,Nada,Riad,7.0,Nasr City,Active,unknown,The Silver Kite,Amina Darwish,Adventure,128.0,2017.0,Nile Press,unknown,unknown,unknown
9168.0,1030.0,513.0,2025-09-13 00:00:00,2025-09-23 00:00:00,Reem,Osman,Unknown,Nasr City,Active,2025-04-01,Circuits for Beginners,Galal Mounir,Science,294.0,2021.0,Oasis Books,unknown,unknown,unknown
9270.0,1057.0,517.0,2024-12-08 00:00:00,2024-12-30 00:00:00,Ahmed,Fahmy,8.0,Heliopolis,Active,2024-01-12,Shadows on the Corniche,Hani Nagati,Mystery,338.0,2015.0,Delta House,unknown,unknown,unknown
9068.0,1003.0,501.0,2025-11-14 00:00:00,2025-12-03 00:00:00,Bassel,Hegazy,6.0,Maadi,Active,2025-04-23,The Silver Kite,Amina Darwish,Adventure,128.0,2017.0,Nile Press,unknown,unknown,unknown
9327.0,1065.0,513.0,2025-03-09 00:00:00,2025-04-01 00:00:00,Adam,Fahmy,6.0,Zamalek,Active,2025-07-12,Circuits for Beginners,Galal Mounir,Science,294.0,2021.0,Oasis Books,unknown,unknown,unknown
9273.0,1047.0,510.0,2024-12-07 00:00:00,2025-01-05 00:00:00,Sara,Rashad,Unknown,Heliopolis,Inactive,2024-06-25,The Missing Metronome,Diaa Sultan,Mystery,134.0,2013.0,Cairo Young Readers,unknown,unknown,unknown
9301.0,1062.0,519.0,2024-11-10 00:00:00,2024-11-23 00:00:00,Tarek,Adel,7.0,Zamalek,Active,2023-01-22,Kites Over Cairo,Jasmine Wahdan,Friendship,157.0,2014.0,Nile Press,unknown,unknown,unknown
9074.0,1003.0,501.0,2024-06-19 00:00:00,2024-07-06 00:00:00,Bassel,Hegazy,6.0,Maadi,Active,2025-04-23,The Silver Kite,Amina Darwish,Adventure,128.0,2017.0,Nile Press,unknown,unknown,unknown
9368.0,1079.0,525.0,2025-02-12 00:00:00,2025-03-10 00:00:00,Rana,Osman,8.0,Shubra,Active,2024-10-27,Storms and Sailboats,Mahmoud Rafei,Adventure,297.0,2015.0,Oasis Books,unknown,unknown,unknown
9233.0,1059.0,512.0,2024-12-08 00:00:00,2024-12-15 00:00:00,Lina,Halim,7.0,Heliopolis,Active,2024-01-06,The Cartographer's Cat,Farida Anwar,Adventure,238.0,2022.0,Delta House,unknown,unknown,unknown
9200.0,1060.0,509.0,2024-12-08 00:00:00,not returned,Layla,Wahba,7.0,Heliopolis,Active,2024-03-26,Marbles and Mirrors,Diaa Sultan,Mystery,221.0,2011.0,Nile Press,unknown,unknown,unknown
9349.0,1077.0,501.0,2024-03-04 00:00:00,2024-04-02 00:00:00,Lina,Rashad,6.0,Shubra,Active,2023-07-08,The Silver Kite,Amina Darwish,Adventure,128.0,2017.0,Nile Press,unknown,unknown,unknown
9350.0,1080.0,501.0,2025-06-22 00:00:00,2025-07-17 00:00:00,Bassel,Wahba,9.0,Shubra,Active,2023-12-28,The Silver Kite,Amina Darwish,Adventure,128.0,2017.0,Nile Press,unknown,unknown,unknown
9345.0,1075.0,507.0,2025-02-03 00:00:00,2025-03-01 00:00:00,Malak,Fahmy,7.0,Shubra,Active,2024-10-28,Fossils and Fireflies,Dalia Serry,Science,160.0,2024.0,Nile Press,unknown,unknown,unknown
9195.0,1024.0,507.0,2025-02-22 00:00:00,2025-03-17 00:00:00,Youssef,Hegazy,8.0,Nasr City,Inactive,2024-01-04,Fossils and Fireflies,Dalia Serry,Science,160.0,2024.0,Nile Press,unknown,unknown,unknown
9325.0,1072.0,519.0,2024-01-11 00:00:00,not returned,Seif,Zaki,9.0,Zamalek,Active,2025-10-21,Kites Over Cairo,Jasmine Wahdan,Friendship,157.0,2014.0,Nile Press,unknown,unknown,unknown
9245.0,1044.0,519.0,2024-12-13 00:00:00,2024-12-21 00:00:00,Sherif,Saleh,7.0,Heliopolis,Active,2024-02-19,Kites Over Cairo,Jasmine Wahdan,Friendship,157.0,2014.0,Nile Press,unknown,unknown,unknown
9146.0,1034.0,509.0,2025-02-23 00:00:00,2025-03-14 00:00:00,Aya,Wahba,9.0,Nasr City,Active,2025-01-22,Marbles and Mirrors,Diaa Sultan,Mystery,221.0,2011.0,Nile Press,unknown,unknown,unknown
9379.0,1062.0,501.0,2024-12-18 00:00:00,2024-12-26 00:00:00,Tarek,Adel,7.0,Zamalek,Active,2023-01-22,The Silver Kite,Amina Darwish,Adventure,128.0,2017.0,Nile Press,unknown,unknown,unknown
9374.0,1080.0,505.0,2024-08-05 00:00:00,2024-08-12 00:00:00,Bassel,Wahba,9.0,Shubra,Active,2023-12-28,Letters to the Nile,Aya Hafez,Historical,216.0,2024.0,Oasis Books,unknown,unknown,unknown
9107.0,1024.0,505.0,2024-09-24 00:00:00,2024-10-12 00:00:00,Youssef,Hegazy,8.0,Nasr City,Inactive,2024-01-04,Letters to the Nile,Aya Hafez,Historical,216.0,2024.0,Oasis Books,unknown,unknown,unknown
9029.0,1005.0,507.0,2025-03-07 00:00:00,2025-03-29 00:00:00,Youssef,Halim,9.0,Maadi,Active,2024-05-05,Fossils and Fireflies,Dalia Serry,Science,160.0,2024.0,Nile Press,unknown,unknown,unknown
9108.0,1024.0,507.0,2025-02-02 00:00:00,2025-02-27 00:00:00,Youssef,Hegazy,8.0,Nasr City,Inactive,2024-01-04,Fossils and Fireflies,Dalia Serry,Science,160.0,2024.0,Nile Press,unknown,unknown,unknown
9201.0,1055.0,531.0,2025-11-24 00:00:00,2025-12-16 00:00:00,Mostafa,Kamel,9.0,Heliopolis,Active,2025-01-04,Voices in the Library,Samir Zohdy,Friendship,272.0,2018.0,Oasis Books,unknown,unknown,unknown
9253.0,1058.0,507.0,2025-06-15 00:00:00,2025-07-10 00:00:00,Lina,Mansour,8.0,Heliopolis,Active,2025-07-20,Fossils and Fireflies,Dalia Serry,Science,160.0,2024.0,Nile Press,unknown,unknown,unknown
9334.0,1065.0,507.0,2025-12-20 00:00:00,2026-01-05 00:00:00,Adam,Fahmy,6.0,Zamalek,Active,2025-07-12,Fossils and Fireflies,Dalia Serry,Science,160.0,2024.0,Nile Press,unknown,unknown,unknown
9160.0,1030.0,501.0,2024-06-20 00:00:00,2024-07-07 00:00:00,Reem,Osman,Unknown,Nasr City,Active,2025-04-01,The Silver Kite,Amina Darwish,Adventure,128.0,2017.0,Nile Press,unknown,unknown,unknown
9180.0,1034.0,529.0,2024-07-27 00:00:00,2024-08-02 00:00:00,Aya,Wahba,9.0,Nasr City,Active,2025-01-22,Riddles of the Red Sea,Sara Tantawy,Mystery,298.0,0.0,Cairo Young Readers,unknown,unknown,unknown
9344.0,1076.0,507.0,2024-09-12 00:00:00,not returned,Dina,Wahba,7.0,Shubra,Active,2025-12-13,Fossils and Fireflies,Dalia Serry,Science,160.0,2024.0,Nile Press,unknown,unknown,unknown
9004.0,1013.0,519.0,2025-07-27 00:00:00,2025-08-16 00:00:00,Ziad,Fouad,Unknown,Maadi,Active,2025-06-27,Kites Over Cairo,Jasmine Wahdan,Friendship,157.0,2014.0,Nile Press,unknown,unknown,unknown
9224.0,1057.0,513.0,2025-05-25 00:00:00,not returned,Ahmed,Fahmy,8.0,Heliopolis,Active,2024-01-12,Circuits for Beginners,Galal Mounir,Science,294.0,2021.0,Oasis Books,unknown,unknown,unknown
9235.0,1047.0,516.0,2024-02-16 00:00:00,not returned,Sara,Rashad,Unknown,Heliopolis,Inactive,2024-06-25,The Beekeeper's Almanac,Hoda Bakry,Nature,241.0,2010.0,Nile Press,unknown,unknown,unknown
9118.0,1030.0,507.0,2024-05-12 00:00:00,not returned,Reem,Osman,Unknown,Nasr City,Active,2025-04-01,Fossils and Fireflies,Dalia Serry,Science,160.0,2024.0,Nile Press,unknown,unknown,unknown
9381.0,1079.0,507.0,2025-05-30 00:00:00,2025-06-18 00:00:00,Rana,Osman,8.0,Shubra,Active,2024-10-27,Fossils and Fireflies,Dalia Serry,Science,160.0,2024.0,Nile Press,unknown,unknown,unknown
9071.0,1003.0,503.0,2024-03-25 00:00:00,2024-04-09 00:00:00,Bassel,Hegazy,6.0,Maadi,Active,2025-04-23,The Lantern Maker,Adel Roushdy,Historical,259.0,0.0,Nile Press,unknown,unknown,unknown
9220.0,1047.0,507.0,2025-08-04 00:00:00,not returned,Sara,Rashad,Unknown,Heliopolis,Inactive,2024-06-25,Fossils and Fireflies,Dalia Serry,Science,160.0,2024.0,Nile Press,unknown,unknown,unknown
9167.0,1028.0,503.0,2025-12-24 00:00:00,2026-01-02 00:00:00,Hassan,Adel,9.0,Nasr City,Active,2025-11-12,The Lantern Maker,Adel Roushdy,Historical,259.0,0.0,Nile Press,unknown,unknown,unknown
9320.0,1073.0,501.0,2025-07-19 00:00:00,2025-08-13 00:00:00,Yassin,Kamel,7.0,Zamalek,Inactive,2025-08-26,The Silver Kite,Amina Darwish,Adventure,128.0,2017.0,Nile Press,unknown,unknown,unknown
9300.0,1061.0,528.0,2024-08-15 00:00:00,2024-09-02 00:00:00,Ziad,Fahmy,9.0,Zamalek,Inactive,2023-04-27,The Glass Beehive,Mona Kholoussy,Nature,114.0,2010.0,Delta House,unknown,unknown,unknown
9364.0,1077.0,513.0,2024-08-18 00:00:00,2024-09-07 00:00:00,Lina,Rashad,6.0,Shubra,Active,2023-07-08,Circuits for Beginners,Galal Mounir,Science,294.0,2021.0,Oasis Books,unknown,unknown,unknown
9035.0,1020.0,501.0,2024-08-01 00:00:00,2024-08-23 00:00:00,Rana,Fouad,6.0,Maadi,Active,2025-12-04,The Silver Kite,Amina Darwish,Adventure,128.0,2017.0,Nile Press,unknown,unknown,unknown
9382.0,1076.0,507.0,2025-02-26 00:00:00,2025-03-08 00:00:00,Dina,Wahba,7.0,Shubra,Active,2025-12-13,Fossils and Fireflies,Dalia Serry,Science,160.0,2024.0,Nile Press,unknown,unknown,unknown
9133.0,1034.0,519.0,2025-05-28 00:00:00,2025-06-24 00:00:00,Aya,Wahba,9.0,Nasr City,Active,2025-01-22,Kites Over Cairo,Jasmine Wahdan,Friendship,157.0,2014.0,Nile Press,unknown,unknown,unknown
9276.0,1050.0,514.0,2025-06-28 00:00:00,2025-07-08 00:00:00,Fares,Adel,6.0,Heliopolis,Inactive,2025-09-10,The Robot in Row Nine,Galal Mounir,Science Fiction,328.0,2023.0,Cairo Young Readers,unknown,unknown,unknown
9104.0,1018.0,507.0,2024-05-15 00:00:00,not returned,Ahmed,Shafik,9.0,Maadi,Active,2023-01-28,Fossils and Fireflies,Dalia Serry,Science,160.0,2024.0,Nile Press,unknown,unknown,unknown
9367.0,1079.0,507.0,2024-03-19 00:00:00,2024-03-28 00:00:00,Rana,Osman,8.0,Shubra,Active,2024-10-27,Fossils and Fireflies,Dalia Serry,Science,160.0,2024.0,Nile Press,unknown,unknown,unknown
9373.0,1079.0,508.0,2024-03-20 00:00:00,2024-04-19 00:00:00,Rana,Osman,8.0,Shubra,Active,2024-10-27,The Quiet Observatory,Dalia Serry,Science,306.0,2011.0,Oasis Books,unknown,unknown,unknown
9217.0,1047.0,530.0,2024-04-07 00:00:00,not returned,Sara,Rashad,Unknown,Heliopolis,Inactive,2024-06-25,The Sandstone Key,Sara Tantawy,Adventure,208.0,2012.0,Oasis Books,unknown,unknown,unknown
9022.0,1010.0,507.0,2025-11-14 00:00:00,2025-12-03 00:00:00,Nour,Nabil,6.0,Maadi,Active,2024-05-15,Fossils and Fireflies,Dalia Serry,Science,160.0,2024.0,Nile Press,unknown,unknown,unknown
9065.0,1016.0,509.0,2024-12-21 00:00:00,not returned,Dina,Rashad,8.0,Maadi,Active,2023-04-24,Marbles and Mirrors,Diaa Sultan,Mystery,221.0,2011.0,Nile Press,unknown,unknown,unknown
9099.0,1018.0,506.0,2025-10-10 00:00:00,2025-11-09 00:00:00,Ahmed,Shafik,9.0,Maadi,Active,2023-01-28,The Paper Boat Club,Aya Hafez,Friendship,183.0,0.0,Nile Press,unknown,unknown,unknown
9109.0,1034.0,512.0,2024-08-20 00:00:00,2024-09-14 00:00:00,Aya,Wahba,9.0,Nasr City,Active,2025-01-22,The Cartographer's Cat,Farida Anwar,Adventure,238.0,2022.0,Delta House,unknown,unknown,unknown
9086.0,1018.0,501.0,2024-06-20 00:00:00,2024-06-29 00:00:00,Ahmed,Shafik,9.0,Maadi,Active,2023-01-28,The Silver Kite,Amina Darwish,Adventure,128.0,2017.0,Nile Press,unknown,unknown,unknown
9089.0,1010.0,507.0,2025-06-22 00:00:00,2025-07-22 00:00:00,Nour,Nabil,6.0,Maadi,Active,2024-05-15,Fossils and Fireflies,Dalia Serry,Science,160.0,2024.0,Nile Press,unknown,unknown,unknown
9230.0,1050.0,501.0,2025-09-10 00:00:00,2025-10-07 00:00:00,Fares,Adel,6.0,Heliopolis,Inactive,2025-09-10,The Silver Kite,Amina Darwish,Adventure,128.0,2017.0,Nile Press,unknown,unknown,unknown
9062.0,1010.0,520.0,2024-07-28 00:00:00,2024-08-26 00:00:00,Nour,Nabil,6.0,Maadi,Active,2024-05-15,The Copper Telescope,Jasmine Wahdan,Science Fiction,136.0,2009.0,Oasis Books,unknown,unknown,unknown
9076.0,1008.0,529.0,2025-12-12 00:00:00,2025-12-20 00:00:00,Ziad,Saleh,8.0,Maadi,Active,2025-10-28,Riddles of the Red Sea,Sara Tantawy,Mystery,298.0,0.0,Cairo Young Readers,unknown,unknown,unknown
9265.0,1049.0,513.0,2024-08-12 00:00:00,2024-09-10 00:00:00,Ahmed,Gamal,6.0,Heliopolis,Active,2023-06-10,Circuits for Beginners,Galal Mounir,Science,294.0,2021.0,Oasis Books,unknown,unknown,unknown
9258.0,1050.0,529.0,2025-12-07 00:00:00,2025-12-21 00:00:00,Fares,Adel,6.0,Heliopolis,Inactive,2025-09-10,Riddles of the Red Sea,Sara Tantawy,Mystery,298.0,0.0,Cairo Young Readers,unknown,unknown,unknown
9203.0,1057.0,501.0,2025-10-25 00:00:00,not returned,Ahmed,Fahmy,8.0,Heliopolis,Active,2024-01-12,The Silver Kite,Amina Darwish,Adventure,128.0,2017.0,Nile Press,unknown,unknown,unknown
9041.0,1010.0,506.0,2025-02-22 00:00:00,2025-03-19 00:00:00,Nour,Nabil,6.0,Maadi,Active,2024-05-15,The Paper Boat Club,Aya Hafez,Friendship,183.0,0.0,Nile Press,unknown,unknown,unknown
9154.0,1030.0,525.0,2025-05-18 00:00:00,2025-05-26 00:00:00,Reem,Osman,Unknown,Nasr City,Active,2025-04-01,Storms and Sailboats,Mahmoud Rafei,Adventure,297.0,2015.0,Oasis Books,unknown,unknown,unknown
9285.0,1071.0,513.0,2025-02-24 00:00:00,not returned,Jana,Hegazy,8.0,Zamalek,Active,2024-09-27,Circuits for Beginners,Galal Mounir,Science,294.0,2021.0,Oasis Books,unknown,unknown,unknown
9121.0,1027.0,522.0,2025-02-24 00:00:00,2025-03-14 00:00:00,Mostafa,Fouad,9.0,Nasr City,Active,2023-09-25,The Puzzle Merchant,Karim Elwy,Mystery,104.0,2016.0,Cairo Young Readers,unknown,unknown,unknown
9244.0,1050.0,507.0,2025-04-23 00:00:00,2025-05-06 00:00:00,Fares,Adel,6.0,Heliopolis,Inactive,2025-09-10,Fossils and Fireflies,Dalia Serry,Science,160.0,2024.0,Nile Press,unknown,unknown,unknown
9275.0,1047.0,507.0,2025-09-21 00:00:00,2025-10-08 00:00:00,Sara,Rashad,Unknown,Heliopolis,Inactive,2024-06-25,Fossils and Fireflies,Dalia Serry,Science,160.0,2024.0,Nile Press,unknown,unknown,unknown
9215.0,1044.0,507.0,2024-02-07 00:00:00,not returned,Sherif,Saleh,7.0,Heliopolis,Active,2024-02-19,Fossils and Fireflies,Dalia Serry,Science,160.0,2024.0,Nile Press,unknown,unknown,unknown
9268.0,1047.0,503.0,2025-06-16 00:00:00,2025-07-14 00:00:00,Sara,Rashad,Unknown,Heliopolis,Inactive,2024-06-25,The Lantern Maker,Adel Roushdy,Historical,259.0,0.0,Nile Press,unknown,unknown,unknown
9314.0,1072.0,522.0,2024-08-13 00:00:00,2024-09-02 00:00:00,Seif,Zaki,9.0,Zamalek,Active,2025-10-21,The Puzzle Merchant,Karim Elwy,Mystery,104.0,2016.0,Cairo Young Readers,unknown,unknown,unknown
9299.0,1072.0,521.0,2024-01-04 00:00:00,2024-01-23 00:00:00,Seif,Zaki,9.0,Zamalek,Active,2025-10-21,A Garden of Equations,Karim Elwy,Science,211.0,2024.0,Cairo Young Readers,unknown,unknown,unknown
9353.0,1075.0,528.0,2025-12-13 00:00:00,2025-12-30 00:00:00,Malak,Fahmy,7.0,Shubra,Active,2024-10-28,The Glass Beehive,Mona Kholoussy,Nature,114.0,2010.0,Delta House,unknown,unknown,unknown
9117.0,1026.0,501.0,2025-09-13 00:00:00,not returned,Nada,Saleh,7.0,Nasr City,Inactive,2023-11-16,The Silver Kite,Amina Darwish,Adventure,128.0,2017.0,Nile Press,unknown,unknown,unknown
9212.0,1044.0,512.0,2024-09-14 00:00:00,not returned,Sherif,Saleh,7.0,Heliopolis,Active,2024-02-19,The Cartographer's Cat,Farida Anwar,Adventure,238.0,2022.0,Delta House,unknown,unknown,unknown
9278.0,1047.0,506.0,2024-03-12 00:00:00,2024-04-02 00:00:00,Sara,Rashad,Unknown,Heliopolis,Inactive,2024-06-25,The Paper Boat Club,Aya Hafez,Friendship,183.0,0.0,Nile Press,unknown,unknown,unknown
9177.0,1027.0,513.0,2024-01-18 00:00:00,not returned,Mostafa,Fouad,9.0,Nasr City,Active,2023-09-25,Circuits for Beginners,Galal Mounir,Science,294.0,2021.0,Oasis Books,unknown,unknown,unknown
9044.0,1018.0,503.0,2024-10-07 00:00:00,not returned,Ahmed,Shafik,9.0,Maadi,Active,2023-01-28,The Lantern Maker,Adel Roushdy,Historical,259.0,0.0,Nile Press,unknown,unknown,unknown
9329.0,1062.0,513.0,2025-03-06 00:00:00,not returned,Tarek,Adel,7.0,Zamalek,Active,2023-01-22,Circuits for Beginners,Galal Mounir,Science,294.0,2021.0,Oasis Books,unknown,unknown,unknown
9078.0,1008.0,521.0,2024-09-21 00:00:00,2024-10-12 00:00:00,Ziad,Saleh,8.0,Maadi,Active,2025-10-28,A Garden of Equations,Karim Elwy,Science,211.0,2024.0,Cairo Young Readers,unknown,unknown,unknown
9032.0,1011.0,501.0,2024-11-24 00:00:00,2024-12-11 00:00:00,Menna,Halim,8.0,Maadi,Active,2024-04-22,The Silver Kite,Amina Darwish,Adventure,128.0,2017.0,Nile Press,unknown,unknown,unknown
9289.0,1072.0,522.0,2025-09-09 00:00:00,2025-09-19 00:00:00,Seif,Zaki,9.0,Zamalek,Active,2025-10-21,The Puzzle Merchant,Karim Elwy,Mystery,104.0,2016.0,Cairo Young Readers,unknown,unknown,unknown
9138.0,1039.0,516.0,2025-08-22 00:00:00,2025-08-31 00:00:00,Nada,Riad,7.0,Nasr City,Active,unknown,The Beekeeper's Almanac,Hoda Bakry,Nature,241.0,2010.0,Nile Press,unknown,unknown,unknown
9306.0,1074.0,510.0,2024-08-03 00:00:00,2024-08-10 00:00:00,Mostafa,Saleh,8.0,Zamalek,Active,2025-11-21,The Missing Metronome,Diaa Sultan,Mystery,134.0,2013.0,Cairo Young Readers,unknown,unknown,unknown
9239.0,1050.0,519.0,2025-02-10 00:00:00,2025-02-22 00:00:00,Fares,Adel,6.0,Heliopolis,Inactive,2025-09-10,Kites Over Cairo,Jasmine Wahdan,Friendship,157.0,2014.0,Nile Press,unknown,unknown,unknown
9226.0,1044.0,519.0,2025-03-18 00:00:00,not returned,Sherif,Saleh,7.0,Heliopolis,Active,2024-02-19,Kites Over Cairo,Jasmine Wahdan,Friendship,157.0,2014.0,Nile Press,unknown,unknown,unknown
9135.0,1034.0,506.0,2025-01-12 00:00:00,2025-01-28 00:00:00,Aya,Wahba,9.0,Nasr City,Active,2025-01-22,The Paper Boat Club,Aya Hafez,Friendship,183.0,0.0,Nile Press,unknown,unknown,unknown
9023.0,1018.0,503.0,2025-08-04 00:00:00,2025-08-27 00:00:00,Ahmed,Shafik,9.0,Maadi,Active,2023-01-28,The Lantern Maker,Adel Roushdy,Historical,259.0,0.0,Nile Press,unknown,unknown,unknown
9229.0,1047.0,501.0,2025-11-16 00:00:00,2025-12-08 00:00:00,Sara,Rashad,Unknown,Heliopolis,Inactive,2024-06-25,The Silver Kite,Amina Darwish,Adventure,128.0,2017.0,Nile Press,unknown,unknown,unknown
9096.0,1022.0,501.0,2025-02-17 00:00:00,2025-03-17 00:00:00,Youssef,Fouad,7.0,Maadi,Active,2025-02-28,The Silver Kite,Amina Darwish,Adventure,128.0,2017.0,Nile Press,unknown,unknown,unknown
9312.0,1068.0,506.0,2025-12-01 00:00:00,not returned,Layla,Hegazy,8.0,Zamalek,Inactive,2025-02-24,The Paper Boat Club,Aya Hafez,Friendship,183.0,0.0,Nile Press,unknown,unknown,unknown
9196.0,1030.0,526.0,2025-01-15 00:00:00,2025-02-02 00:00:00,Reem,Osman,Unknown,Nasr City,Active,2025-04-01,The Clockwork Orchard,Mahmoud Rafei,Science Fiction,125.0,2016.0,Delta House,unknown,unknown,unknown
9190.0,1030.0,502.0,2025-12-04 00:00:00,2025-12-18 00:00:00,Reem,Osman,Unknown,Nasr City,Active,2025-04-01,Desert Compass,Amina Darwish,Adventure,109.0,2018.0,Delta House,unknown,unknown,unknown
9095.0,1002.0,507.0,2024-06-25 00:00:00,2024-07-07 00:00:00,Fares,Saleh,9.0,Maadi,Active,unknown,Fossils and Fireflies,Dalia Serry,Science,160.0,2024.0,Nile Press,unknown,unknown,unknown
9199.0,1053.0,518.0,2024-11-28 00:00:00,2024-12-08 00:00:00,Adam,Shafik,9.0,Heliopolis,Active,2024-01-03,The Ninth Lighthouse,Hani Nagati,Adventure,163.0,2011.0,Delta House,unknown,unknown,unknown
9279.0,1047.0,514.0,2025-07-06 00:00:00,2025-07-28 00:00:00,Sara,Rashad,Unknown,Heliopolis,Inactive,2024-06-25,The Robot in Row Nine,Galal Mounir,Science Fiction,328.0,2023.0,Cairo Young Readers,unknown,unknown,unknown
9047.0,1007.0,507.0,2024-10-11 00:00:00,2024-10-24 00:00:00,Sherif,Fouad,6.0,Maadi,Active,2025-08-18,Fossils and Fireflies,Dalia Serry,Science,160.0,2024.0,Nile Press,unknown,unknown,unknown
9351.0,1075.0,514.0,2024-01-03 00:00:00,2024-01-28 00:00:00,Malak,Fahmy,7.0,Shubra,Active,2024-10-28,The Robot in Row Nine,Galal Mounir,Science Fiction,328.0,2023.0,Cairo Young Readers,unknown,unknown,unknown
9251.0,1046.0,507.0,2024-06-09 00:00:00,not returned,Amir,Fouad,7.0,Heliopolis,Active,2025-12-11,Fossils and Fireflies,Dalia Serry,Science,160.0,2024.0,Nile Press,unknown,unknown,unknown
9242.0,1047.0,520.0,2025-06-01 00:00:00,2025-07-01 00:00:00,Sara,Rashad,Unknown,Heliopolis,Inactive,2024-06-25,The Copper Telescope,Jasmine Wahdan,Science Fiction,136.0,2009.0,Oasis Books,unknown,unknown,unknown
9204.0,1057.0,506.0,2024-02-20 00:00:00,2024-03-15 00:00:00,Ahmed,Fahmy,8.0,Heliopolis,Active,2024-01-12,The Paper Boat Club,Aya Hafez,Friendship,183.0,0.0,Nile Press,unknown,unknown,unknown
9158.0,1040.0,513.0,2025-03-07 00:00:00,2025-03-24 00:00:00,Dina,Adel,9.0,Nasr City,Active,2025-12-26,Circuits for Beginners,Galal Mounir,Science,294.0,2021.0,Oasis Books,unknown,unknown,unknown
9060.0,1010.0,527.0,2024-05-20 00:00:00,2024-05-28 00:00:00,Nour,Nabil,6.0,Maadi,Active,2024-05-15,Notes from the Delta,Mona Kholoussy,Nature,328.0,2017.0,Delta House,unknown,unknown,unknown
9243.0,1060.0,513.0,2025-09-13 00:00:00,2025-10-09 00:00:00,Layla,Wahba,7.0,Heliopolis,Active,2024-03-26,Circuits for Beginners,Galal Mounir,Science,294.0,2021.0,Oasis Books,unknown,unknown,unknown
9042.0,1010.0,509.0,2024-02-28 00:00:00,not returned,Nour,Nabil,6.0,Maadi,Active,2024-05-15,Marbles and Mirrors,Diaa Sultan,Mystery,221.0,2011.0,Nile Press,unknown,unknown,unknown
9150.0,1024.0,507.0,2025-10-14 00:00:00,2025-10-24 00:00:00,Youssef,Hegazy,8.0,Nasr City,Inactive,2024-01-04,Fossils and Fireflies,Dalia Serry,Science,160.0,2024.0,Nile Press,unknown,unknown,unknown
9377.0,1034.0,507.0,2025-03-25 00:00:00,2025-04-06 00:00:00,Aya,Wahba,9.0,Nasr City,Active,2025-01-22,Fossils and Fireflies,Dalia Serry,Science,160.0,2024.0,Nile Press,unknown,unknown,unknown
9356.0,1076.0,501.0,2025-03-14 00:00:00,2025-04-13 00:00:00,Dina,Wahba,7.0,Shubra,Active,2025-12-13,The Silver Kite,Amina Darwish,Adventure,128.0,2017.0,Nile Press,unknown,unknown,unknown
9014.0,1010.0,519.0,2024-06-28 00:00:00,2024-07-20 00:00:00,Nour,Nabil,6.0,Maadi,Active,2024-05-15,Kites Over Cairo,Jasmine Wahdan,Friendship,157.0,2014.0,Nile Press,unknown,unknown,unknown
9346.0,1076.0,519.0,2024-04-27 00:00:00,not returned,Dina,Wahba,7.0,Shubra,Active,2025-12-13,Kites Over Cairo,Jasmine Wahdan,Friendship,157.0,2014.0,Nile Press,unknown,unknown,unknown
9103.0,1003.0,513.0,2025-09-04 00:00:00,2025-09-25 00:00:00,Bassel,Hegazy,6.0,Maadi,Active,2025-04-23,Circuits for Beginners,Galal Mounir,Science,294.0,2021.0,Oasis Books,unknown,unknown,unknown
9246.0,1044.0,529.0,2025-06-25 00:00:00,2025-07-04 00:00:00,Sherif,Saleh,7.0,Heliopolis,Active,2024-02-19,Riddles of the Red Sea,Sara Tantawy,Mystery,298.0,0.0,Cairo Young Readers,unknown,unknown,unknown
9308.0,1072.0,525.0,2024-02-17 00:00:00,2024-03-12 00:00:00,Seif,Zaki,9.0,Zamalek,Active,2025-10-21,Storms and Sailboats,Mahmoud Rafei,Adventure,297.0,2015.0,Oasis Books,unknown,unknown,unknown
9321.0,1070.0,501.0,2025-12-28 00:00:00,2026-01-09 00:00:00,Ahmed,Zaki,9.0,Zamalek,Active,2025-07-22,The Silver Kite,Amina Darwish,Adventure,128.0,2017.0,Nile Press,unknown,unknown,unknown
9045.0,1008.0,520.0,2024-05-28 00:00:00,not returned,Ziad,Saleh,8.0,Maadi,Active,2025-10-28,The Copper Telescope,Jasmine Wahdan,Science Fiction,136.0,2009.0,Oasis Books,unknown,unknown,unknown
9219.0,1047.0,506.0,2025-05-13 00:00:00,2025-06-07 00:00:00,Sara,Rashad,Unknown,Heliopolis,Inactive,2024-06-25,The Paper Boat Club,Aya Hafez,Friendship,183.0,0.0,Nile Press,unknown,unknown,unknown
9002.0,1020.0,515.0,2024-12-06 00:00:00,2024-12-11 00:00:00,Rana,Fouad,6.0,Maadi,Active,2025-12-04,Songs of the Oasis,Hoda Bakry,Poetry,316.0,2022.0,Cairo Young Readers,unknown,unknown,unknown
9185.0,1026.0,519.0,2025-10-22 00:00:00,2025-11-01 00:00:00,Nada,Saleh,7.0,Nasr City,Inactive,2023-11-16,Kites Over Cairo,Jasmine Wahdan,Friendship,157.0,2014.0,Nile Press,unknown,unknown,unknown
9359.0,1077.0,501.0,2025-01-26 00:00:00,not returned,Lina,Rashad,6.0,Shubra,Active,2023-07-08,The Silver Kite,Amina Darwish,Adventure,128.0,2017.0,Nile Press,unknown,unknown,unknown
9079.0,1008.0,520.0,2025-12-27 00:00:00,2026-01-05 00:00:00,Ziad,Saleh,8.0,Maadi,Active,2025-10-28,The Copper Telescope,Jasmine Wahdan,Science Fiction,136.0,2009.0,Oasis Books,unknown,unknown,unknown
9252.0,1054.0,513.0,2024-08-04 00:00:00,2024-08-09 00:00:00,Retaj,Fahmy,6.0,Heliopolis,Inactive,2024-03-21,Circuits for Beginners,Galal Mounir,Science,294.0,2021.0,Oasis Books,unknown,unknown,unknown
9282.0,1057.0,530.0,2025-07-22 00:00:00,2025-08-18 00:00:00,Ahmed,Fahmy,8.0,Heliopolis,Active,2024-01-12,The Sandstone Key,Sara Tantawy,Adventure,208.0,2012.0,Oasis Books,unknown,unknown,unknown
9293.0,1071.0,525.0,2025-08-05 00:00:00,2025-08-18 00:00:00,Jana,Hegazy,8.0,Zamalek,Active,2024-09-27,Storms and Sailboats,Mahmoud Rafei,Adventure,297.0,2015.0,Oasis Books,unknown,unknown,unknown
9202.0,1047.0,506.0,2025-06-05 00:00:00,2025-07-03 00:00:00,Sara,Rashad,Unknown,Heliopolis,Inactive,2024-06-25,The Paper Boat Club,Aya Hafez,Friendship,183.0,0.0,Nile Press,unknown,unknown,unknown
9026.0,1018.0,506.0,2025-04-21 00:00:00,2025-05-04 00:00:00,Ahmed,Shafik,9.0,Maadi,Active,2023-01-28,The Paper Boat Club,Aya Hafez,Friendship,183.0,0.0,Nile Press,unknown,unknown,unknown
9050.0,1003.0,521.0,2025-08-21 00:00:00,not returned,Bassel,Hegazy,6.0,Maadi,Active,2025-04-23,A Garden of Equations,Karim Elwy,Science,211.0,2024.0,Cairo Young Readers,unknown,unknown,unknown
9122.0,1034.0,525.0,2025-06-04 00:00:00,2025-06-30 00:00:00,Aya,Wahba,9.0,Nasr City,Active,2025-01-22,Storms and Sailboats,Mahmoud Rafei,Adventure,297.0,2015.0,Oasis Books,unknown,unknown,unknown
9153.0,1030.0,530.0,2024-10-12 00:00:00,2024-10-26 00:00:00,Reem,Osman,Unknown,Nasr City,Active,2025-04-01,The Sandstone Key,Sara Tantawy,Adventure,208.0,2012.0,Oasis Books,unknown,unknown,unknown
9145.0,1034.0,501.0,2025-11-10 00:00:00,2025-12-10 00:00:00,Aya,Wahba,9.0,Nasr City,Active,2025-01-22,The Silver Kite,Amina Darwish,Adventure,128.0,2017.0,Nile Press,unknown,unknown,unknown
9339.0,1073.0,501.0,2025-02-02 00:00:00,not returned,Yassin,Kamel,7.0,Zamalek,Inactive,2025-08-26,The Silver Kite,Amina Darwish,Adventure,128.0,2017.0,Nile Press,unknown,unknown,unknown
9136.0,1030.0,532.0,2024-10-03 00:00:00,2024-10-20 00:00:00,Reem,Osman,Unknown,Nasr City,Active,2025-04-01,The Last Bookmark,Samir Zohdy,Friendship,337.0,2017.0,Oasis Books,unknown,unknown,unknown
9277.0,1057.0,519.0,2025-10-19 00:00:00,2025-10-28 00:00:00,Ahmed,Fahmy,8.0,Heliopolis,Active,2024-01-12,Kites Over Cairo,Jasmine Wahdan,Friendship,157.0,2014.0,Nile Press,unknown,unknown,unknown
9284.0,1062.0,513.0,2025-09-27 00:00:00,2025-10-26 00:00:00,Tarek,Adel,7.0,Zamalek,Active,2023-01-22,Circuits for Beginners,Galal Mounir,Science,294.0,2021.0,Oasis Books,unknown,unknown,unknown
9210.0,1044.0,507.0,2025-09-11 00:00:00,2025-09-29 00:00:00,Sherif,Saleh,7.0,Heliopolis,Active,2024-02-19,Fossils and Fireflies,Dalia Serry,Science,160.0,2024.0,Nile Press,unknown,unknown,unknown
9098.0,1008.0,525.0,2024-12-15 00:00:00,2024-12-31 00:00:00,Ziad,Saleh,8.0,Maadi,Active,2025-10-28,Storms and Sailboats,Mahmoud Rafei,Adventure,297.0,2015.0,Oasis Books,unknown,unknown,unknown
9106.0,1034.0,501.0,2025-08-20 00:00:00,2025-08-27 00:00:00,Aya,Wahba,9.0,Nasr City,Active,2025-01-22,The Silver Kite,Amina Darwish,Adventure,128.0,2017.0,Nile Press,unknown,unknown,unknown
9170.0,1034.0,522.0,2025-10-16 00:00:00,2025-10-28 00:00:00,Aya,Wahba,9.0,Nasr City,Active,2025-01-22,The Puzzle Merchant,Karim Elwy,Mystery,104.0,2016.0,Cairo Young Readers,unknown,unknown,unknown
9028.0,1017.0,507.0,2025-01-19 00:00:00,2025-01-28 00:00:00,Adam,Badr,9.0,Maadi,Active,2025-07-12,Fossils and Fireflies,Dalia Serry,Science,160.0,2024.0,Nile Press,unknown,unknown,unknown
9081.0,1017.0,502.0,2025-08-25 00:00:00,2025-09-17 00:00:00,Adam,Badr,9.0,Maadi,Active,2025-07-12,Desert Compass,Amina Darwish,Adventure,109.0,2018.0,Delta House,unknown,unknown,unknown
9223.0,1050.0,510.0,2024-04-11 00:00:00,2024-05-04 00:00:00,Fares,Adel,6.0,Heliopolis,Inactive,2025-09-10,The Missing Metronome,Diaa Sultan,Mystery,134.0,2013.0,Cairo Young Readers,unknown,unknown,unknown
9311.0,1065.0,507.0,2025-06-26 00:00:00,2025-07-09 00:00:00,Adam,Fahmy,6.0,Zamalek,Active,2025-07-12,Fossils and Fireflies,Dalia Serry,Science,160.0,2024.0,Nile Press,unknown,unknown,unknown
9085.0,1018.0,525.0,2025-08-19 00:00:00,2025-09-18 00:00:00,Ahmed,Shafik,9.0,Maadi,Active,2023-01-28,Storms and Sailboats,Mahmoud Rafei,Adventure,297.0,2015.0,Oasis Books,unknown,unknown,unknown
9335.0,1065.0,513.0,2024-12-18 00:00:00,2024-12-30 00:00:00,Adam,Fahmy,6.0,Zamalek,Active,2025-07-12,Circuits for Beginners,Galal Mounir,Science,294.0,2021.0,Oasis Books,unknown,unknown,unknown
9221.0,1055.0,520.0,2025-04-12 00:00:00,2025-04-18 00:00:00,Mostafa,Kamel,9.0,Heliopolis,Active,2025-01-04,The Copper Telescope,Jasmine Wahdan,Science Fiction,136.0,2009.0,Oasis Books,unknown,unknown,unknown
9016.0,1016.0,527.0,2024-12-03 00:00:00,2024-12-11 00:00:00,Dina,Rashad,8.0,Maadi,Active,2023-04-24,Notes from the Delta,Mona Kholoussy,Nature,328.0,2017.0,Delta House,unknown,unknown,unknown
9361.0,1075.0,524.0,2024-04-19 00:00:00,not returned,Malak,Fahmy,7.0,Shubra,Active,2024-10-28,The Weaver's Daughter,Laila Shokry,Historical,114.0,2016.0,Cairo Young Readers,unknown,unknown,unknown
9248.0,1044.0,514.0,2025-07-01 00:00:00,2025-07-18 00:00:00,Sherif,Saleh,7.0,Heliopolis,Active,2024-02-19,The Robot in Row Nine,Galal Mounir,Science Fiction,328.0,2023.0,Cairo Young Readers,unknown,unknown,unknown
9315.0,1068.0,501.0,2024-06-11 00:00:00,2024-07-04 00:00:00,Layla,Hegazy,8.0,Zamalek,Inactive,2025-02-24,The Silver Kite,Amina Darwish,Adventure,128.0,2017.0,Nile Press,unknown,unknown,unknown
9305.0,1062.0,519.0,2024-01-23 00:00:00,2024-01-31 00:00:00,Tarek,Adel,7.0,Zamalek,Active,2023-01-22,Kites Over Cairo,Jasmine Wahdan,Friendship,157.0,2014.0,Nile Press,unknown,unknown,unknown
9174.0,1024.0,528.0,2025-12-16 00:00:00,2026-01-07 00:00:00,Youssef,Hegazy,8.0,Nasr City,Inactive,2024-01-04,The Glass Beehive,Mona Kholoussy,Nature,114.0,2010.0,Delta House,unknown,unknown,unknown
9048.0,1003.0,519.0,2024-12-03 00:00:00,2025-01-01 00:00:00,Bassel,Hegazy,6.0,Maadi,Active,2025-04-23,Kites Over Cairo,Jasmine Wahdan,Friendship,157.0,2014.0,Nile Press,unknown,unknown,unknown
9281.0,1044.0,525.0,2024-06-01 00:00:00,2024-06-12 00:00:00,Sherif,Saleh,7.0,Heliopolis,Active,2024-02-19,Storms and Sailboats,Mahmoud Rafei,Adventure,297.0,2015.0,Oasis Books,unknown,unknown,unknown
9039.0,1018.0,513.0,2024-07-21 00:00:00,2024-08-10 00:00:00,Ahmed,Shafik,9.0,Maadi,Active,2023-01-28,Circuits for Beginners,Galal Mounir,Science,294.0,2021.0,Oasis Books,unknown,unknown,unknown
9083.0,1011.0,516.0,2025-10-02 00:00:00,2025-10-09 00:00:00,Menna,Halim,8.0,Maadi,Active,2024-04-22,The Beekeeper's Almanac,Hoda Bakry,Nature,241.0,2010.0,Nile Press,unknown,unknown,unknown
9088.0,1003.0,519.0,2025-09-17 00:00:00,2025-10-03 00:00:00,Bassel,Hegazy,6.0,Maadi,Active,2025-04-23,Kites Over Cairo,Jasmine Wahdan,Friendship,157.0,2014.0,Nile Press,unknown,unknown,unknown
9176.0,1027.0,501.0,2024-11-08 00:00:00,2024-11-26 00:00:00,Mostafa,Fouad,9.0,Nasr City,Active,2023-09-25,The Silver Kite,Amina Darwish,Adventure,128.0,2017.0,Nile Press,unknown,unknown,unknown
9054.0,1013.0,510.0,2024-11-21 00:00:00,not returned,Ziad,Fouad,Unknown,Maadi,Active,2025-06-27,The Missing Metronome,Diaa Sultan,Mystery,134.0,2013.0,Cairo Young Readers,unknown,unknown,unknown
9134.0,1037.0,516.0,2025-09-08 00:00:00,2025-09-19 00:00:00,Retaj,Kamel,Unknown,Nasr City,Inactive,2023-08-26,The Beekeeper's Almanac,Hoda Bakry,Nature,241.0,2010.0,Nile Press,unknown,unknown,unknown
9164.0,1034.0,507.0,2024-12-02 00:00:00,2024-12-12 00:00:00,Aya,Wahba,9.0,Nasr City,Active,2025-01-22,Fossils and Fireflies,Dalia Serry,Science,160.0,2024.0,Nile Press,unknown,unknown,unknown
9011.0,1022.0,513.0,2024-03-17 00:00:00,not returned,Youssef,Fouad,7.0,Maadi,Active,2025-02-28,Circuits for Beginners,Galal Mounir,Science,294.0,2021.0,Oasis Books,unknown,unknown,unknown
9151.0,1034.0,528.0,2025-04-25 00:00:00,2025-05-16 00:00:00,Aya,Wahba,9.0,Nasr City,Active,2025-01-22,The Glass Beehive,Mona Kholoussy,Nature,114.0,2010.0,Delta House,unknown,unknown,unknown
9018.0,1003.0,522.0,2025-06-12 00:00:00,2025-06-24 00:00:00,Bassel,Hegazy,6.0,Maadi,Active,2025-04-23,The Puzzle Merchant,Karim Elwy,Mystery,104.0,2016.0,Cairo Young Readers,unknown,unknown,unknown
9038.0,1007.0,506.0,2024-07-15 00:00:00,2024-08-12 00:00:00,Sherif,Fouad,6.0,Maadi,Active,2025-08-18,The Paper Boat Club,Aya Hafez,Friendship,183.0,0.0,Nile Press,unknown,unknown,unknown
9232.0,1044.0,513.0,2025-05-26 00:00:00,2025-06-11 00:00:00,Sherif,Saleh,7.0,Heliopolis,Active,2024-02-19,Circuits for Beginners,Galal Mounir,Science,294.0,2021.0,Oasis Books,unknown,unknown,unknown
9084.0,1008.0,511.0,2024-06-27 00:00:00,2024-07-22 00:00:00,Ziad,Saleh,8.0,Maadi,Active,2025-10-28,Winter in Alexandria,Farida Anwar,Historical,117.0,2016.0,Nile Press,unknown,unknown,unknown
9116.0,1024.0,519.0,2025-01-10 00:00:00,2025-02-09 00:00:00,Youssef,Hegazy,8.0,Nasr City,Inactive,2024-01-04,Kites Over Cairo,Jasmine Wahdan,Friendship,157.0,2014.0,Nile Press,unknown,unknown,unknown
9352.0,1076.0,501.0,2025-02-02 00:00:00,not returned,Dina,Wahba,7.0,Shubra,Active,2025-12-13,The Silver Kite,Amina Darwish,Adventure,128.0,2017.0,Nile Press,unknown,unknown,unknown
unknown,Unknown,unknown,unknown,not returned,Unknown,Unknown,Unknown,Unknown,Unknown,unknown,Unknown,Unknown,Unknown,0.0,0.0,Unknown,1026.0,522.0,2025-07-11
unknown,Unknown,unknown,unknown,not returned,Unknown,Unknown,Unknown,Unknown,Unknown,unknown,Unknown,Unknown,Unknown,0.0,0.0,Unknown,1049.0,520.0,2025-07-11
unknown,Unknown,unknown,unknown,not returned,Unknown,Unknown,Unknown,Unknown,Unknown,unknown,Unknown,Unknown,Unknown,0.0,0.0,Unknown,1062.0,525.0,2025-07-05
unknown,Unknown,unknown,unknown,not returned,Unknown,Unknown,Unknown,Unknown,Unknown,unknown,Unknown,Unknown,Unknown,0.0,0.0,Unknown,1065.0,520.0,2025-07-07
unknown,Unknown,unknown,unknown,not returned,Unknown,Unknown,Unknown,Unknown,Unknown,unknown,Unknown,Unknown,Unknown,0.0,0.0,Unknown,1104.0,515.0,2025-07-07
unknown,Unknown,unknown,unknown,not returned,Unknown,Unknown,Unknown,Unknown,Unknown,unknown,Unknown,Unknown,Unknown,0.0,0.0,Unknown,1009.0,503.0,2025-07-09
unknown,Unknown,unknown,unknown,not returned,Unknown,Unknown,Unknown,Unknown,Unknown,unknown,Unknown,Unknown,Unknown,0.0,0.0,Unknown,1063.0,522.0,2025-07-07
unknown,Unknown,unknown,unknown,not returned,Unknown,Unknown,Unknown,Unknown,Unknown,unknown,Unknown,Unknown,Unknown,0.0,0.0,Unknown,1022.0,511.0,2025-07-12
unknown,Unknown,unknown,unknown,not returned,Unknown,Unknown,Unknown,Unknown,Unknown,unknown,Unknown,Unknown,Unknown,0.0,0.0,Unknown,1029.0,523.0,2025-07-09
unknown,Unknown,unknown,unknown,not returned,Unknown,Unknown,Unknown,Unknown,Unknown,unknown,Unknown,Unknown,Unknown,0.0,0.0,Unknown,1201.0,509.0,2025-07-10
unknown,Unknown,unknown,unknown,not returned,Unknown,Unknown,Unknown,Unknown,Unknown,unknown,Unknown,Unknown,Unknown,0.0,0.0,Unknown,1005.0,513.0,2025-07-10
unknown,Unknown,unknown,unknown,not returned,Unknown,Unknown,Unknown,Unknown,Unknown,unknown,Unknown,Unknown,Unknown,0.0,0.0,Unknown,1104.0,526.0,2025-07-05
unknown,Unknown,unknown,unknown,not returned,Unknown,Unknown,Unknown,Unknown,Unknown,unknown,Unknown,Unknown,Unknown,0.0,0.0,Unknown,1058.0,518.0,2025-07-08
unknown,Unknown,unknown,unknown,not returned,Unknown,Unknown,Unknown,Unknown,Unknown,unknown,Unknown,Unknown,Unknown,0.0,0.0,Unknown,1002.0,521.0,2025-07-08
unknown,Unknown,unknown,unknown,not returned,Unknown,Unknown,Unknown,Unknown,Unknown,unknown,Unknown,Unknown,Unknown,0.0,0.0,Unknown,1150.0,530.0,2025-07-10
unknown,Unknown,unknown,unknown,not returned,Unknown,Unknown,Unknown,Unknown,Unknown,unknown,Unknown,Unknown,Unknown,0.0,0.0,Unknown,1041.0,504.0,2025-07-05
unknown,Unknown,unknown,unknown,not returned,Unknown,Unknown,Unknown,Unknown,Unknown,unknown,Unknown,Unknown,Unknown,0.0,0.0,Unknown,1055.0,526.0,2025-07-11
unknown,Unknown,unknown,unknown,not returned,Unknown,Unknown,Unknown,Unknown,Unknown,unknown,Unknown,Unknown,Unknown,0.0,0.0,Unknown,1061.0,513.0,2025-07-06
unknown,Unknown,unknown,unknown,not returned,Unknown,Unknown,Unknown,Unknown,Unknown,unknown,Unknown,Unknown,Unknown,0.0,0.0,Unknown,1012.0,509.0,2025-07-11
unknown,Unknown,unknown,unknown,not returned,Unknown,Unknown,Unknown,Unknown,Unknown,unknown,Unknown,Unknown,Unknown,0.0,0.0,Unknown,1007.0,510.0,2025-07-07
unknown,Unknown,unknown,unknown,not returned,Unknown,Unknown,Unknown,Unknown,Unknown,unknown,Unknown,Unknown,Unknown,0.0,0.0,Unknown,1073.0,530.0,2025-07-07
unknown,Unknown,unknown,unknown,not returned,Unknown,Unknown,Unknown,Unknown,Unknown,unknown,Unknown,Unknown,Unknown,0.0,0.0,Unknown,1003.0,501.0,2025-07-08
unknown,Unknown,unknown,unknown,not returned,Unknown,Unknown,Unknown,Unknown,Unknown,unknown,Unknown,Unknown,Unknown,0.0,0.0,Unknown,1017.0,507.0,2025-07-11
unknown,Unknown,unknown,unknown,not returned,Unknown,Unknown,Unknown,Unknown,Unknown,unknown,Unknown,Unknown,Unknown,0.0,0.0,Unknown,1061.0,504.0,2025-07-06
unknown,Unknown,unknown,unknown,not returned,Unknown,Unknown,Unknown,Unknown,Unknown,unknown,Unknown,Unknown,Unknown,0.0,0.0,Unknown,1201.0,523.0,2025-07-08
unknown,Unknown,unknown,unknown,not returned,Unknown,Unknown,Unknown,Unknown,Unknown,unknown,Unknown,Unknown,Unknown,0.0,0.0,Unknown,1041.0,512.0,2025-07-06
